alignment,beat_of_occurrence,crash_date,crash_day_of_week,crash_hour,crash_month,crash_type,damage,device_condition,first_crash_type,hit_and_run_i,injuries_fatal,injuries_incapacitating,injuries_no_indication,injuries_non_incapacitating,injuries_reported_not_evident,injuries_total,injuries_unknown,latitude,lighting_condition,longitude,most_severe_injury,num_units,posted_speed_limit,prim_contributory_cause,road_defect,roadway_surface_cond,sec_contributory_cause,street_direction,street_no,traffic_control_device,trafficway_type,weather_condition,crash_date_est_i,intersection_related_i,work_zone_i,dooring_i,private_property_i,veh_count,ppl_count,veh_first_contact_point_list_json,veh_make_list_json,veh_maneuver_list_json,veh_model_list_json,veh_towed_i_list_json,ppl_age_list_json,ppl_airbag_deployed_list_json,ppl_ejection_list_json,ppl_injury_classification_list_json,year,month,day,hour,is_weekend,hour_bin,lat_bin,lng_bin,grid_id,veh_truck_i,veh_mc_i,ppl_age_mean,ppl_age_min,ppl_age_max,cause_group
STRAIGHT AND LEVEL,332,2025-09-19 21:58:00,6,21,9,injury and / or tow due to crash,"OVER $1,500",NO CONTROLS,TURNING,0.0,0.0,0.0,2.0,0.0,0.0,0.0,0.0,41.7733409702,"darkness, lighted road",-87.5769745558,NO INDICATION OF INJURY,2,30,IMPROPER TURNING/NO SIGNAL,,dry,NOT APPLICABLE,E,1949,no controls,DIVIDED - W/MEDIAN (NOT RAISED),clear,,,,,,4,1,"[""FRONT""]","[""BUICK"", ""DODGE""]","[""TURNING LEFT"", ""TURNING RIGHT""]","[""AVENGER"", ""OTHER (EXPLAIN IN NARRATIVE)""]","[""Y""]","[""26""]","[""DEPLOYMENT UNKNOWN"", ""DID NOT DEPLOY""]","[""NONE"", ""UNKNOWN""]","[""NO INDICATION OF INJURY""]",2025,9,19,21,0,evening,41.77,-87.58,41.77_-87.58,0,0,26.0,26.0,26.0,Other
STRAIGHT AND LEVEL,1632,2025-09-19 00:39:00,6,0,9,no injury / drive away,"OVER $1,500",FUNCTIONING PROPERLY,REAR END,1.0,0.0,0.0,2.0,0.0,0.0,0.0,0.0,41.9381096148,"darkness, lighted road",-87.8064311416,NO INDICATION OF INJURY,2,30,UNABLE TO DETERMINE,NO DEFECTS,dry,UNABLE TO DETERMINE,W,7154,traffic signal,FOUR WAY,clear,,,,,,4,1,"[""FRONT-RIGHT-CORNER"", ""REAR-LEFT-CORNER""]","[""GENERAL MOTORS CORPORATION (GMC)"", ""UNKNOWN""]","[""SLOW/STOP IN TRAFFIC"", ""STRAIGHT AHEAD""]","[""OTHER (EXPLAIN IN NARRATIVE)"", ""TERRAIN""]",[],"[""67""]","[""DEPLOYMENT UNKNOWN"", ""DID NOT DEPLOY""]","[""NONE""]","[""NO INDICATION OF INJURY""]",2025,9,19,0,0,night,41.94,-87.81,41.94_-87.81,0,1,67.0,67.0,67.0,Other
STRAIGHT AND LEVEL,2024,2025-09-21 16:40:00,1,16,9,no injury / drive away,$500 OR LESS,NO CONTROLS,SIDESWIPE SAME DIRECTION,1.0,0.0,0.0,2.0,0.0,0.0,0.0,0.0,41.9694086179,daylight,-87.6483172637,NO INDICATION OF INJURY,2,40,UNABLE TO DETERMINE,,,NOT APPLICABLE,N,4800,no controls,DIVIDED - W/MEDIAN BARRIER,,,,,,,4,1,"[""SIDE-LEFT"", ""SIDE-RIGHT""]","[""ACURA"", ""FORD""]","[""CHANGING LANES"", ""STRAIGHT AHEAD""]","[""EDGE"", ""TLX""]",[],"[""23""]","[""DEPLOYMENT UNKNOWN""]","[""NONE""]","[""NO INDICATION OF INJURY""]",2025,9,21,16,1,afternoon,41.97,-87.65,41.97_-87.65,0,0,23.0,23.0,23.0,Other
STRAIGHT AND LEVEL,814,2025-09-23 11:13:00,3,11,9,injury and / or tow due to crash,"OVER $1,500",FUNCTIONING PROPERLY,TURNING,1.0,0.0,0.0,2.0,0.0,0.0,0.0,0.0,41.7928466399,daylight,-87.7622449615,NO INDICATION OF INJURY,2,30,UNABLE TO DETERMINE,,dry,UNABLE TO DETERMINE,W,5558,traffic signal,FOUR WAY,clear,,1.0,,,0.0,4,2,"[""FRONT"", ""SIDE-LEFT-REAR""]","[""JEEP"", ""PETERBILT MOTORS COMPANY (DIVISION OF PACCAR, INC.)""]","[""STRAIGHT AHEAD"", ""TURNING RIGHT""]","[""GRAND CHEROKEE"", ""PETERBILT MOTORS CO., DIVISION PACCAR, INC.""]","[""Y""]","[""34"", ""44""]","[""DEPLOYED, COMBINATION"", ""DID NOT DEPLOY""]","[""NONE""]","[""NO INDICATION OF INJURY""]",2025,9,23,11,0,morning,41.79,-87.76,41.79_-87.76,0,1,39.0,34.0,44.0,Other
STRAIGHT AND LEVEL,414,2025-09-20 04:00:00,7,4,9,no injury / drive away,"OVER $1,500",NO CONTROLS,REAR END,1.0,0.0,0.0,2.0,0.0,0.0,0.0,0.0,41.7524849996,"darkness, lighted road",-87.5761518197,NO INDICATION OF INJURY,2,30,FOLLOWING TOO CLOSELY,NO DEFECTS,wet,NOT APPLICABLE,S,7830,no controls,NOT DIVIDED,rain,,,,,,4,1,"[""FRONT"", ""REAR""]","[""CHEVROLET"", ""DODGE""]","[""OTHER"", ""STRAIGHT AHEAD""]","[""CARAVAN"", ""EQUINOX""]",[],"[""34""]","[""DEPLOYMENT UNKNOWN"", ""NOT APPLICABLE""]","[""NONE""]","[""NO INDICATION OF INJURY""]",2025,9,20,4,1,night,41.75,-87.58,41.75_-87.58,0,0,34.0,34.0,34.0,Following Too Closely
STRAIGHT AND LEVEL,523,2025-09-19 23:13:00,6,23,9,no injury / drive away,"OVER $1,500",NO CONTROLS,REAR END,1.0,0.0,0.0,2.0,0.0,0.0,0.0,0.0,41.6634482575,"darkness, lighted road",-87.6300670397,NO INDICATION OF INJURY,2,35,UNABLE TO DETERMINE,NO DEFECTS,dry,NOT APPLICABLE,W,314,no controls,NOT DIVIDED,clear,,,,,,4,1,"[""FRONT"", ""REAR""]","[""CHEVROLET"", ""UNKNOWN""]","[""STRAIGHT AHEAD""]","[""MOTORIZED"", ""OTHER (EXPLAIN IN NARRATIVE)""]",[],"[""22""]","[""DEPLOYMENT UNKNOWN"", ""DID NOT DEPLOY""]","[""NONE""]","[""NO INDICATION OF INJURY""]",2025,9,19,23,0,evening,41.66,-87.63,41.66_-87.63,0,1,22.0,22.0,22.0,Other
STRAIGHT AND LEVEL,2532,2025-09-21 15:40:00,1,15,9,no injury / drive away,"OVER $1,500",FUNCTIONING PROPERLY,ANGLE,1.0,0.0,0.0,4.0,0.0,0.0,0.0,0.0,41.9074614321,daylight,-87.7622621904,NO INDICATION OF INJURY,2,30,DISREGARDING STOP SIGN,NO DEFECTS,,FAILING TO YIELD RIGHT-OF-WAY,N,1456,stop sign/flasher,FOUR WAY,,,1.0,,,,4,3,"[""FRONT-RIGHT-CORNER"", ""REAR-RIGHT-CORNER""]","[""HONDA"", ""NISSAN""]","[""STRAIGHT AHEAD""]","[""OTHER (EXPLAIN IN NARRATIVE)"", ""PILOT""]",[],"[""25"", ""56"", ""8""]","[""DEPLOYMENT UNKNOWN"", ""DID NOT DEPLOY""]","[""NONE""]","[""NO INDICATION OF INJURY""]",2025,9,21,15,1,afternoon,41.91,-87.76,41.91_-87.76,0,0,29.666666666666668,8.0,56.0,Other
STRAIGHT AND LEVEL,1935,2025-09-19 11:45:00,6,11,9,no injury / drive away,"OVER $1,500",NO CONTROLS,SIDESWIPE SAME DIRECTION,1.0,0.0,0.0,2.0,0.0,0.0,0.0,0.0,41.9272988839,daylight,-87.6489738984,NO INDICATION OF INJURY,2,30,FAILING TO YIELD RIGHT-OF-WAY,,,NOT APPLICABLE,N,2500,no controls,NOT DIVIDED,clear,,,,,,3,1,"[""SIDE-LEFT"", ""UNKNOWN""]","[""NOVA BUS"", ""UNKNOWN""]","[""ENTERING TRAFFIC LANE FROM PARKING"", ""PASSING/OVERTAKING""]","[""OTHER (EXPLAIN IN NARRATIVE)""]",[],"[""45""]","[""DEPLOYMENT UNKNOWN"", ""DID NOT DEPLOY""]","[""NONE"", ""UNKNOWN""]","[""NO INDICATION OF INJURY""]",2025,9,19,11,0,morning,41.93,-87.65,41.93_-87.65,0,0,45.0,45.0,45.0,Failure-to-Yield
STRAIGHT AND LEVEL,1111,2025-09-21 23:30:00,1,23,9,no injury / drive away,"OVER $1,500",NO CONTROLS,PARKED MOTOR VEHICLE,1.0,0.0,0.0,1.0,0.0,0.0,0.0,0.0,41.9011544517,"darkness, lighted road",-87.7264055253,NO INDICATION OF INJURY,2,30,UNABLE TO DETERMINE,,dry,NOT APPLICABLE,N,1108,no controls,NOT DIVIDED,clear,,,,,,4,0,"[""REAR-LEFT-CORNER"", ""UNKNOWN""]","[""MITSUBISHI"", ""UNKNOWN""]","[""PARKED"", ""UNKNOWN/NA""]","[""OTHER (EXPLAIN IN NARRATIVE)"", ""OUTLANDER""]",[],[],"[""DEPLOYMENT UNKNOWN""]","[""UNKNOWN""]","[""NO INDICATION OF INJURY""]",2025,9,21,23,1,evening,41.9,-87.73,41.9_-87.73,0,0,,,,Other
STRAIGHT AND LEVEL,1813,2025-09-22 10:56:00,2,10,9,injury and / or tow due to crash,"OVER $1,500",FUNCTIONING PROPERLY,TURNING,1.0,0.0,0.0,2.0,0.0,0.0,0.0,0.0,41.9110285098,daylight,-87.648335806,NO INDICATION OF INJURY,2,30,UNABLE TO DETERMINE,SHOULDER DEFECT,dry,UNABLE TO DETERMINE,W,800,traffic signal,NOT DIVIDED,clear,,,,,,3,1,"[""SIDE-LEFT"", ""SIDE-RIGHT""]","[""COOK SEMI TRAILER"", ""TOYOTA""]","[""STRAIGHT AHEAD"", ""TURNING LEFT""]","[""COOK SEMI TRAILER"", ""PRIUS""]","[""Y""]","[""47""]","[""DEPLOYMENT UNKNOWN"", ""DID NOT DEPLOY""]","[""NONE""]","[""NO INDICATION OF INJURY""]",2025,9,22,10,0,morning,41.91,-87.65,41.91_-87.65,1,0,47.0,47.0,47.0,Other
STRAIGHT AND LEVEL,1413,2025-09-22 16:07:00,2,16,9,no injury / drive away,"OVER $1,500",NO CONTROLS,REAR END,1.0,0.0,0.0,3.0,0.0,0.0,0.0,0.0,41.9245652405,daylight,-87.710985025,NO INDICATION OF INJURY,2,30,FOLLOWING TOO CLOSELY,NO DEFECTS,dry,FOLLOWING TOO CLOSELY,W,3309,pedestrian crossing sign,DIVIDED - W/MEDIAN BARRIER,clear,,,,,,4,2,"[""FRONT"", ""REAR""]","[""HONDA"", ""HYUNDAI""]","[""STRAIGHT AHEAD""]","[""CIVIC"", ""OTHER (EXPLAIN IN NARRATIVE)""]",[],"[""34"", ""35""]","[""DEPLOYMENT UNKNOWN"", ""DID NOT DEPLOY""]","[""NONE""]","[""NO INDICATION OF INJURY""]",2025,9,22,16,0,afternoon,41.92,-87.71,41.92_-87.71,0,0,34.5,34.0,35.0,Following Too Closely
STRAIGHT AND LEVEL,1111,2025-09-24 13:55:00,4,13,9,injury and / or tow due to crash,"OVER $1,500",FUNCTIONING PROPERLY,TURNING,1.0,0.0,0.0,3.0,0.0,0.0,0.0,0.0,41.8948959733,daylight,-87.7456903499,NO INDICATION OF INJURY,2,35,NOT APPLICABLE,NO DEFECTS,dry,NOT APPLICABLE,W,4799,traffic signal,NOT DIVIDED,clear,,1.0,,,,4,2,"[""FRONT-LEFT-CORNER"", ""UNKNOWN""]","[""NISSAN"", ""UNKNOWN""]","[""STRAIGHT AHEAD"", ""TURNING LEFT""]","[""OTHER (EXPLAIN IN NARRATIVE)"", ""SENTRA""]","[""Y""]","[""30"", ""54""]","[""DEPLOYMENT UNKNOWN"", ""NOT APPLICABLE""]","[""NONE"", ""UNKNOWN""]","[""NO INDICATION OF INJURY""]",2025,9,24,13,0,afternoon,41.89,-87.75,41.89_-87.75,0,0,42.0,30.0,54.0,Other
STRAIGHT AND LEVEL,1412,2025-09-21 06:15:00,1,6,9,no injury / drive away,"OVER $1,500",NO CONTROLS,REAR END,1.0,0.0,0.0,2.0,0.0,0.0,0.0,0.0,41.9321395417,daylight,-87.7074869119,NO INDICATION OF INJURY,2,30,DISREGARDING STOP SIGN,,wet,UNABLE TO DETERMINE,W,3200,no controls,NOT DIVIDED,rain,,,,,,4,1,"[""FRONT"", ""REAR""]","[""ACURA"", ""UNKNOWN""]","[""STRAIGHT AHEAD""]","[""OTHER (EXPLAIN IN NARRATIVE)"", ""TLX""]",[],"[""76""]","[""DEPLOYMENT UNKNOWN"", ""DID NOT DEPLOY""]","[""NONE""]","[""NO INDICATION OF INJURY""]",2025,9,21,6,1,night,41.93,-87.71,41.93_-87.71,0,0,76.0,76.0,76.0,Other
STRAIGHT AND LEVEL,1232,2025-09-23 09:15:00,3,9,9,no injury / drive away,"OVER $1,500",NO CONTROLS,PARKED MOTOR VEHICLE,1.0,0.0,0.0,1.0,0.0,0.0,0.0,0.0,41.8809239593,daylight,-87.6506918332,NO INDICATION OF INJURY,2,30,IMPROPER OVERTAKING/PASSING,NO DEFECTS,dry,IMPROPER LANE USAGE,S,25,no controls,DIVIDED - W/MEDIAN (NOT RAISED),clear,,,,,,4,0,"[""FRONT-LEFT-CORNER"", ""SIDE-RIGHT""]","[""CHEVROLET"", ""FORD""]","[""PARKED"", ""PASSING/OVERTAKING""]","[""RANGER"", ""TRAX""]",[],[],"[""DID NOT DEPLOY""]","[""NONE""]","[""NO INDICATION OF INJURY""]",2025,9,23,9,0,morning,41.88,-87.65,41.88_-87.65,0,0,,,,Other
STRAIGHT AND LEVEL,914,2025-09-22 10:50:00,2,10,9,no injury / drive away,"OVER $1,500",NO CONTROLS,PARKED MOTOR VEHICLE,1.0,0.0,0.0,1.0,0.0,0.0,0.0,0.0,41.8492672107,daylight,-87.6317873531,NO INDICATION OF INJURY,2,30,UNABLE TO DETERMINE,NO DEFECTS,dry,UNABLE TO DETERMINE,S,2357,no controls,PARKING LOT,clear,,,,,,4,0,"[""REAR-RIGHT-CORNER"", ""SIDE-LEFT""]","[""UNKNOWN"", ""VOLKSWAGEN""]","[""BACKING"", ""PARKED""]","[""GTI"", ""OTHER (EXPLAIN IN NARRATIVE)""]",[],[],"[""DEPLOYMENT UNKNOWN""]","[""NONE""]","[""NO INDICATION OF INJURY""]",2025,9,22,10,0,morning,41.85,-87.63,41.85_-87.63,0,0,,,,Other
STRAIGHT ON HILLCREST,2424,2025-09-23 18:00:00,3,18,9,no injury / drive away,$500 OR LESS,NO CONTROLS,PARKED MOTOR VEHICLE,0.0,0.0,0.0,1.0,0.0,0.0,0.0,0.0,42.0111713253,dusk,-87.6817375795,NO INDICATION OF INJURY,2,15,UNABLE TO DETERMINE,,dry,UNABLE TO DETERMINE,W,2037,no controls,ONE-WAY,cloudy/overcast,,,,,,4,0,"[""FRONT"", ""REAR""]","[""NISSAN"", ""TOYOTA""]","[""OTHER"", ""PARKED""]","[""4RUNNER"", ""OTHER (EXPLAIN IN NARRATIVE)""]",[],[],"[""DEPLOYMENT UNKNOWN""]","[""NONE""]","[""NO INDICATION OF INJURY""]",2025,9,23,18,0,afternoon,42.01,-87.68,42.01_-87.68,0,0,,,,Other
STRAIGHT AND LEVEL,2413,2025-09-22 08:20:00,2,8,9,no injury / drive away,"OVER $1,500",,SIDESWIPE SAME DIRECTION,1.0,0.0,0.0,2.0,0.0,0.0,0.0,0.0,41.9925874877,daylight,-87.6898621544,NO INDICATION OF INJURY,2,30,FAILING TO YIELD RIGHT-OF-WAY,,,UNABLE TO DETERMINE,N,6108,,NOT DIVIDED,clear,,,,,,4,1,"[""SIDE-LEFT"", ""UNKNOWN""]","[""KIA"", ""UNKNOWN""]","[""CHANGING LANES"", ""STRAIGHT AHEAD""]","[""OTHER (EXPLAIN IN NARRATIVE)"", ""SOUL""]",[],"[""54""]","[""DEPLOYMENT UNKNOWN"", ""NOT APPLICABLE""]","[""NONE"", ""UNKNOWN""]","[""NO INDICATION OF INJURY""]",2025,9,22,8,0,morning,41.99,-87.69,41.99_-87.69,0,0,54.0,54.0,54.0,Failure-to-Yield
STRAIGHT AND LEVEL,834,2025-09-19 23:42:00,6,23,9,injury and / or tow due to crash,"$501 - $1,500",NO CONTROLS,SIDESWIPE SAME DIRECTION,1.0,0.0,0.0,2.0,1.0,0.0,1.0,0.0,41.7425656332,"darkness, lighted road",-87.7047734247,NONINCAPACITATING INJURY,2,30,FAILING TO REDUCE SPEED TO AVOID CRASH,NO DEFECTS,dry,IMPROPER LANE USAGE,W,3302,no controls,NOT DIVIDED,clear,,,,,,4,2,"[""FRONT-RIGHT-CORNER"", ""REAR-LEFT-CORNER""]","[""HONDA"", ""KIA""]","[""STRAIGHT AHEAD""]","[""CIVIC"", ""SORENTO""]",[],"[""42"", ""45""]","[""DEPLOYMENT UNKNOWN"", ""NOT APPLICABLE""]","[""NONE"", ""UNKNOWN""]","[""NO INDICATION OF INJURY"", ""NONINCAPACITATING INJURY""]",2025,9,19,23,0,evening,41.74,-87.7,41.74_-87.7,0,0,43.5,42.0,45.0,Speeding
STRAIGHT AND LEVEL,2513,2025-09-19 19:10:00,6,19,9,no injury / drive away,"OVER $1,500",NO CONTROLS,SIDESWIPE OPPOSITE DIRECTION,1.0,0.0,0.0,2.0,0.0,0.0,0.0,0.0,41.9103350965,daylight,-87.7754034742,NO INDICATION OF INJURY,2,30,UNABLE TO DETERMINE,,dry,NOT APPLICABLE,N,1636,no controls,NOT DIVIDED,clear,,,,,,4,1,"[""FRONT-LEFT-CORNER"", ""UNKNOWN""]","[""CHEVROLET"", ""MAZDA""]","[""BACKING"", ""STRAIGHT AHEAD""]","[""MAZDA3"", ""SILVERADO""]",[],"[""37""]","[""DEPLOYMENT UNKNOWN"", ""DID NOT DEPLOY""]","[""NONE"", ""UNKNOWN""]","[""NO INDICATION OF INJURY""]",2025,9,19,19,0,evening,41.91,-87.78,41.91_-87.78,0,0,37.0,37.0,37.0,Other
STRAIGHT AND LEVEL,132,2025-09-23 08:10:00,3,8,9,no injury / drive away,"OVER $1,500",,REAR END,1.0,0.0,0.0,2.0,0.0,0.0,0.0,0.0,41.8674707758,,-87.6202190599,NO INDICATION OF INJURY,2,25,NOT APPLICABLE,,,NOT APPLICABLE,S,1201,,NOT DIVIDED,,,,,,,4,1,"[""FRONT"", ""REAR""]","[""FORD"", ""UNKNOWN""]","[""STRAIGHT AHEAD"", ""UNKNOWN/NA""]","[""OTHER (EXPLAIN IN NARRATIVE)"", ""TRANSIT""]",[],"[""39""]","[""DEPLOYMENT UNKNOWN"", ""NOT APPLICABLE""]","[""NONE"", ""UNKNOWN""]","[""NO INDICATION OF INJURY""]",2025,9,23,8,0,morning,41.87,-87.62,41.87_-87.62,0,0,39.0,39.0,39.0,Other
STRAIGHT AND LEVEL,924,2025-09-19 23:11:00,6,23,9,injury and / or tow due to crash,$500 OR LESS,FUNCTIONING PROPERLY,PEDALCYCLIST,1.0,0.0,0.0,1.0,1.0,0.0,1.0,0.0,41.8103461274,"darkness, lighted road",-87.6651655862,NONINCAPACITATING INJURY,2,30,FAILING TO YIELD RIGHT-OF-WAY,NO DEFECTS,dry,UNABLE TO DETERMINE,S,4600,traffic signal,FOUR WAY,clear,,1.0,,,,2,1,"[""UNKNOWN""]","[""GENERAL MOTORS CORPORATION (GMC)""]","[""TURNING LEFT""]","[""TERRAIN""]",[],"[""16""]","[""NOT APPLICABLE""]","[""NONE""]","[""NO INDICATION OF INJURY"", ""NONINCAPACITATING INJURY""]",2025,9,19,23,0,evening,41.81,-87.67,41.81_-87.67,0,1,16.0,16.0,16.0,Failure-to-Yield
STRAIGHT AND LEVEL,613,2025-09-19 20:08:00,6,20,9,injury and / or tow due to crash,"OVER $1,500",FUNCTIONING PROPERLY,PEDESTRIAN,1.0,0.0,0.0,1.0,1.0,0.0,1.0,0.0,41.7379677711,darkness,-87.6438184099,NONINCAPACITATING INJURY,2,30,FAILING TO YIELD RIGHT-OF-WAY,NO DEFECTS,dry,NOT APPLICABLE,S,8600,traffic signal,Y-INTERSECTION,clear,,,,,,2,2,"[""FRONT-LEFT-CORNER""]","[""FORD""]","[""STRAIGHT AHEAD""]","[""FUSION""]",[],"[""24"", ""5""]","[""DEPLOYMENT UNKNOWN""]","[""NONE""]","[""NO INDICATION OF INJURY"", ""NONINCAPACITATING INJURY""]",2025,9,19,20,0,evening,41.74,-87.64,41.74_-87.64,0,0,14.5,5.0,24.0,Failure-to-Yield
STRAIGHT AND LEVEL,1133,2025-09-20 23:10:00,7,23,9,no injury / drive away,"$501 - $1,500",FUNCTIONING PROPERLY,TURNING,1.0,0.0,0.0,2.0,0.0,0.0,0.0,0.0,41.8736241188,"darkness, lighted road",-87.7204065573,NO INDICATION OF INJURY,2,30,IMPROPER LANE USAGE,NO DEFECTS,wet,FAILING TO YIELD RIGHT-OF-WAY,W,3800,traffic signal,FOUR WAY,rain,,1.0,,,,4,1,"[""FRONT-RIGHT-CORNER"", ""SIDE-LEFT""]","[""HONDA"", ""INFINITI""]","[""STRAIGHT AHEAD"", ""TURNING LEFT""]","[""CIVIC"", ""OTHER (EXPLAIN IN NARRATIVE)""]",[],"[""22""]","[""DEPLOYMENT UNKNOWN"", ""NOT APPLICABLE""]","[""NONE""]","[""NO INDICATION OF INJURY""]",2025,9,20,23,1,evening,41.87,-87.72,41.87_-87.72,0,0,22.0,22.0,22.0,Other
"CURVE, LEVEL",2433,2025-09-20 12:18:00,7,12,9,no injury / drive away,"OVER $1,500",NO CONTROLS,REAR END,1.0,0.0,0.0,2.0,0.0,0.0,0.0,0.0,41.9981190787,daylight,-87.6569628463,NO INDICATION OF INJURY,2,30,FOLLOWING TOO CLOSELY,NO DEFECTS,dry,NOT APPLICABLE,W,1031,no controls,NOT DIVIDED,clear,,,,,,4,1,"[""FRONT"", ""REAR""]","[""TOYOTA"", ""VOLKSWAGEN""]","[""SLOW/STOP IN TRAFFIC"", ""STRAIGHT AHEAD""]","[""CAMRY"", ""OTHER (EXPLAIN IN NARRATIVE)""]",[],"[""28""]","[""DEPLOYMENT UNKNOWN"", ""DID NOT DEPLOY""]","[""NONE""]","[""NO INDICATION OF INJURY""]",2025,9,20,12,1,morning,42.0,-87.66,42.0_-87.66,0,0,28.0,28.0,28.0,Following Too Closely
STRAIGHT AND LEVEL,2022,2025-09-24 00:30:00,4,0,9,no injury / drive away,"OVER $1,500",FUNCTIONING PROPERLY,SIDESWIPE SAME DIRECTION,1.0,0.0,0.0,2.0,0.0,0.0,0.0,0.0,41.985419563,"darkness, lighted road",-87.6554804589,NO INDICATION OF INJURY,2,30,UNABLE TO DETERMINE,NO DEFECTS,dry,FOLLOWING TOO CLOSELY,W,1005,traffic signal,NOT DIVIDED,clear,,0.0,,,,4,1,"[""FRONT-LEFT-CORNER"", ""UNKNOWN""]","[""TOYOTA"", ""UNKNOWN""]","[""STRAIGHT AHEAD"", ""UNKNOWN/NA""]","[""MOTORIZED"", ""RAV4""]",[],"[""57""]","[""NOT APPLICABLE""]","[""NONE""]","[""NO INDICATION OF INJURY""]",2025,9,24,0,0,night,41.99,-87.66,41.99_-87.66,0,1,57.0,57.0,57.0,Other
STRAIGHT AND LEVEL,312,2025-09-21 15:41:00,1,15,9,injury and / or tow due to crash,"OVER $1,500",FUNCTIONING PROPERLY,REAR END,1.0,0.0,0.0,6.0,0.0,0.0,0.0,0.0,41.7802113218,daylight,-87.6157682918,NO INDICATION OF INJURY,3,25,UNABLE TO DETERMINE,NO DEFECTS,dry,NOT APPLICABLE,S,6300,traffic signal,NOT DIVIDED,clear,,,,,,5,4,"[""FRONT"", ""NONE""]","[""FORD"", ""NISSAN"", ""UNKNOWN""]","[""SLOW/STOP IN TRAFFIC"", ""STRAIGHT AHEAD""]","[""FOCUS"", ""OTHER (EXPLAIN IN NARRATIVE)"", ""ROGUE""]","[""Y""]","[""0"", ""2"", ""39"", ""58""]","[""DEPLOYMENT UNKNOWN"", ""NOT APPLICABLE""]","[""NONE""]","[""NO INDICATION OF INJURY""]",2025,9,21,15,1,afternoon,41.78,-87.62,41.78_-87.62,0,0,24.75,0.0,58.0,Other
STRAIGHT AND LEVEL,725,2025-09-22 01:00:00,2,1,9,injury and / or tow due to crash,"OVER $1,500",NO CONTROLS,PARKED MOTOR VEHICLE,1.0,0.0,0.0,1.0,0.0,0.0,0.0,0.0,41.77233814,,-87.6687564777,NO INDICATION OF INJURY,2,30,UNABLE TO DETERMINE,,,UNABLE TO DETERMINE,S,6655,no controls,NOT DIVIDED,,,,,,,4,0,"[""REAR"", ""UNKNOWN""]","[""AUDI"", ""UNKNOWN""]","[""PARKED"", ""UNKNOWN/NA""]","[""A7"", ""OTHER (EXPLAIN IN NARRATIVE)""]","[""Y""]",[],"[""DEPLOYMENT UNKNOWN""]","[""UNKNOWN""]","[""NO INDICATION OF INJURY""]",2025,9,22,1,0,night,41.77,-87.67,41.77_-87.67,0,0,,,,Other
STRAIGHT AND LEVEL,921,2025-09-21 17:00:00,1,17,9,no injury / drive away,"OVER $1,500",NO CONTROLS,SIDESWIPE SAME DIRECTION,1.0,0.0,0.0,2.0,0.0,0.0,0.0,0.0,41.8183877129,daylight,-87.6974680577,NO INDICATION OF INJURY,2,30,UNABLE TO DETERMINE,NO DEFECTS,dry,UNABLE TO DETERMINE,S,4134,no controls,NOT DIVIDED,clear,,,,,,4,1,"[""FRONT-RIGHT-CORNER"", ""REAR-LEFT-CORNER""]","[""HONDA"", ""UNKNOWN""]","[""PASSING/OVERTAKING"", ""STRAIGHT AHEAD""]","[""HR-V"", ""MOTORIZED""]",[],"[""62""]","[""DEPLOYMENT UNKNOWN"", ""NOT APPLICABLE""]","[""NONE""]","[""NO INDICATION OF INJURY""]",2025,9,21,17,1,afternoon,41.82,-87.7,41.82_-87.7,0,1,62.0,62.0,62.0,Other
STRAIGHT AND LEVEL,1125,2025-09-19 13:00:00,6,13,9,no injury / drive away,"$501 - $1,500",NO CONTROLS,SIDESWIPE SAME DIRECTION,1.0,0.0,0.0,2.0,0.0,0.0,0.0,0.0,41.8761534418,daylight,-87.6864194629,NO INDICATION OF INJURY,2,30,UNABLE TO DETERMINE,NO DEFECTS,dry,UNABLE TO DETERMINE,S,350,no controls,NOT DIVIDED,clear,,,,,,4,1,"[""FRONT-LEFT-CORNER"", ""SIDE-RIGHT""]","[""ACURA"", ""MERCEDES-BENZ""]","[""CHANGING LANES"", ""STRAIGHT AHEAD""]","[""350 SERIES"", ""ADX""]",[],"[""38""]","[""DEPLOYMENT UNKNOWN"", ""DID NOT DEPLOY""]","[""NONE""]","[""NO INDICATION OF INJURY""]",2025,9,19,13,0,afternoon,41.88,-87.69,41.88_-87.69,0,0,38.0,38.0,38.0,Other