alignment,beat_of_occurrence,crash_date,crash_day_of_week,crash_hour,crash_month,crash_type,damage,device_condition,first_crash_type,hit_and_run_i,injuries_fatal,injuries_incapacitating,injuries_no_indication,injuries_non_incapacitating,injuries_reported_not_evident,injuries_total,injuries_unknown,latitude,lighting_condition,longitude,most_severe_injury,num_units,posted_speed_limit,prim_contributory_cause,road_defect,roadway_surface_cond,sec_contributory_cause,street_direction,street_no,traffic_control_device,trafficway_type,weather_condition,crash_date_est_i,intersection_related_i,work_zone_i,dooring_i,private_property_i,veh_count,ppl_count,veh_first_contact_point_list_json,veh_make_list_json,veh_maneuver_list_json,veh_model_list_json,veh_towed_i_list_json,ppl_age_list_json,ppl_airbag_deployed_list_json,ppl_ejection_list_json,ppl_injury_classification_list_json,year,month,day,hour,is_weekend,hour_bin,lat_bin,lng_bin,grid_id,veh_truck_i,veh_mc_i,ppl_age_mean,ppl_age_min,ppl_age_max,cause_group
STRAIGHT AND LEVEL,223,2025-09-20 15:40:00,7,15,9,no injury / drive away,$500 OR LESS,FUNCTIONING PROPERLY,REAR END,1.0,0.0,0.0,3.0,0.0,0.0,0.0,0.0,41.8023585012,daylight,-87.6064872794,NO INDICATION OF INJURY,2,30,UNABLE TO DETERMINE,NO DEFECTS,dry,NOT APPLICABLE,E,798,traffic signal,FOUR WAY,clear,,,,,,4,1,"[""FRONT"", ""REAR""]","[""MITSUBISHI"", ""UNKNOWN""]","[""STRAIGHT AHEAD""]","[""MIRAGE"", ""OTHER (EXPLAIN IN NARRATIVE)""]",[],"[""30""]","[""DEPLOYMENT UNKNOWN"", ""NOT APPLICABLE""]","[""NONE"", ""UNKNOWN""]","[""NO INDICATION OF INJURY""]",2025,9,20,15,1,afternoon,41.8,-87.61,41.8_-87.61,0,0,30.0,30.0,30.0,Other
STRAIGHT AND LEVEL,323,2025-09-21 04:40:00,1,4,9,no injury / drive away,"OVER $1,500",FUNCTIONING PROPERLY,TURNING,1.0,0.0,0.0,3.0,0.0,0.0,0.0,0.0,41.7654513146,"darkness, lighted road",-87.6151113491,NO INDICATION OF INJURY,2,30,UNABLE TO DETERMINE,NO DEFECTS,,NOT APPLICABLE,S,7107,traffic signal,FOUR WAY,clear,,1.0,,,,3,2,"[""FRONT-LEFT-CORNER"", ""FRONT-RIGHT-CORNER""]","[""HYUNDAI""]","[""PASSING/OVERTAKING"", ""TURNING RIGHT""]","[""ELANTRA"", ""SONATA""]",[],"[""39"", ""41""]","[""DEPLOYMENT UNKNOWN"", ""DID NOT DEPLOY""]","[""NONE""]","[""NO INDICATION OF INJURY""]",2025,9,21,4,1,night,41.77,-87.62,41.77_-87.62,0,0,40.0,39.0,41.0,Other
STRAIGHT AND LEVEL,2524,2025-09-22 19:44:00,2,19,9,injury and / or tow due to crash,$500 OR LESS,NO CONTROLS,PEDESTRIAN,1.0,0.0,0.0,1.0,1.0,0.0,1.0,0.0,41.9244975454,darkness,-87.7348103096,NONINCAPACITATING INJURY,2,30,FAILING TO YIELD RIGHT-OF-WAY,NO DEFECTS,dry,FAILING TO YIELD RIGHT-OF-WAY,W,4316,no controls,NOT DIVIDED,clear,,,,,,2,1,"[""FRONT-RIGHT-CORNER""]","[""BMW""]","[""STRAIGHT AHEAD""]","[""325I""]",[],"[""56""]","[""DEPLOYMENT UNKNOWN""]","[""NONE""]","[""NO INDICATION OF INJURY"", ""NONINCAPACITATING INJURY""]",2025,9,22,19,0,evening,41.92,-87.73,41.92_-87.73,0,0,56.0,56.0,56.0,Failure-to-Yield
STRAIGHT AND LEVEL,124,2025-09-22 10:04:00,2,10,9,injury and / or tow due to crash,"$501 - $1,500",FUNCTIONING PROPERLY,PEDESTRIAN,1.0,0.0,0.0,1.0,1.0,0.0,1.0,0.0,41.8673283915,daylight,-87.6422642382,NONINCAPACITATING INJURY,2,30,UNABLE TO DETERMINE,NO DEFECTS,dry,UNABLE TO DETERMINE,W,600,traffic signal,NOT DIVIDED,clear,,1.0,,,,2,1,"[""UNKNOWN""]","[""CHEVROLET""]","[""TURNING LEFT""]","[""EQUINOX""]",[],"[""74""]","[""DEPLOYMENT UNKNOWN""]","[""NONE""]","[""NO INDICATION OF INJURY"", ""NONINCAPACITATING INJURY""]",2025,9,22,10,0,morning,41.87,-87.64,41.87_-87.64,0,0,74.0,74.0,74.0,Other
STRAIGHT AND LEVEL,1832,2025-09-20 21:30:00,7,21,9,no injury / drive away,"OVER $1,500",NO CONTROLS,PARKED MOTOR VEHICLE,1.0,0.0,0.0,1.0,0.0,0.0,0.0,0.0,41.8955683487,"darkness, lighted road",-87.6282518615,NO INDICATION OF INJURY,2,10,UNABLE TO DETERMINE,NO DEFECTS,dry,UNABLE TO DETERMINE,W,1,no controls,PARKING LOT,clear,,,,,1.0,4,0,"[""REAR-RIGHT-CORNER"", ""UNKNOWN""]","[""AUDI"", ""UNKNOWN""]","[""PARKED"", ""UNKNOWN/NA""]","[""A3"", ""OTHER (EXPLAIN IN NARRATIVE)""]",[],[],"[""DEPLOYMENT UNKNOWN""]","[""NONE""]","[""NO INDICATION OF INJURY""]",2025,9,20,21,1,evening,41.9,-87.63,41.9_-87.63,0,0,,,,Other
STRAIGHT AND LEVEL,312,2025-09-23 19:30:00,3,19,9,injury and / or tow due to crash,"OVER $1,500",,SIDESWIPE SAME DIRECTION,1.0,0.0,0.0,3.0,0.0,0.0,0.0,0.0,41.7801135699,,-87.616477731,NO INDICATION OF INJURY,2,30,UNABLE TO DETERMINE,,,NOT APPLICABLE,E,359,traffic signal,FOUR WAY,,,,,,,4,2,"[""FRONT-LEFT-CORNER"", ""FRONT-RIGHT-CORNER""]","[""LEXUS"", ""NISSAN""]","[""STRAIGHT AHEAD""]","[""IS"", ""ROGUE""]","[""Y""]","[""19"", ""23""]","[""DEPLOYMENT UNKNOWN""]","[""UNKNOWN""]","[""NO INDICATION OF INJURY""]",2025,9,23,19,0,evening,41.78,-87.62,41.78_-87.62,0,0,21.0,19.0,23.0,Other
STRAIGHT AND LEVEL,1111,2025-09-20 03:00:00,7,3,9,no injury / drive away,"OVER $1,500",NO CONTROLS,PARKED MOTOR VEHICLE,1.0,0.0,0.0,1.0,0.0,0.0,0.0,0.0,41.9009902105,"darkness, lighted road",-87.7264008187,NO INDICATION OF INJURY,2,30,UNABLE TO DETERMINE,NO DEFECTS,wet,NOT APPLICABLE,N,1102,no controls,NOT DIVIDED,rain,,,,,,4,0,"[""REAR"", ""UNKNOWN""]","[""DODGE"", ""UNKNOWN""]","[""PARKED"", ""UNKNOWN/NA""]","[""CHALLENGER"", ""ENGINE""]",[],[],"[""DEPLOYMENT UNKNOWN""]","[""NONE""]","[""NO INDICATION OF INJURY""]",2025,9,20,3,1,night,41.9,-87.73,41.9_-87.73,0,0,,,,Other
STRAIGHT AND LEVEL,1222,2025-09-21 14:00:00,1,14,9,no injury / drive away,"OVER $1,500",NO CONTROLS,SIDESWIPE SAME DIRECTION,1.0,0.0,0.0,3.0,0.0,0.0,0.0,0.0,41.881462153,daylight,-87.6865858716,NO INDICATION OF INJURY,2,30,UNABLE TO DETERMINE,NO DEFECTS,dry,UNABLE TO DETERMINE,N,10,no controls,NOT DIVIDED,clear,,1.0,,,,4,1,"[""SIDE-LEFT-REAR"", ""UNKNOWN""]","[""JEEP"", ""NISSAN""]","[""STRAIGHT AHEAD""]","[""GLADIATOR"", ""ROGUE""]",[],"[""57""]","[""DEPLOYMENT UNKNOWN"", ""DID NOT DEPLOY""]","[""NONE"", ""UNKNOWN""]","[""NO INDICATION OF INJURY""]",2025,9,21,14,1,afternoon,41.88,-87.69,41.88_-87.69,0,0,57.0,57.0,57.0,Other
STRAIGHT AND LEVEL,132,2025-09-23 11:00:00,3,11,9,injury and / or tow due to crash,"OVER $1,500",FUNCTIONING PROPERLY,REAR END,1.0,0.0,0.0,2.0,0.0,0.0,0.0,0.0,41.8674842272,daylight,-87.6191503834,NO INDICATION OF INJURY,2,40,FOLLOWING TOO CLOSELY,NO DEFECTS,wet,FAILING TO REDUCE SPEED TO AVOID CRASH,S,1200,traffic signal,DIVIDED - W/MEDIAN BARRIER,clear,,,,,,4,1,"[""FRONT"", ""REAR""]","[""HYUNDAI"", ""UNKNOWN""]","[""STRAIGHT AHEAD""]","[""ELANTRA"", ""OTHER (EXPLAIN IN NARRATIVE)""]","[""Y""]","[""30""]","[""DEPLOYMENT UNKNOWN"", ""DID NOT DEPLOY""]","[""NONE""]","[""NO INDICATION OF INJURY""]",2025,9,23,11,0,morning,41.87,-87.62,41.87_-87.62,0,0,30.0,30.0,30.0,Following Too Closely
STRAIGHT AND LEVEL,1024,2025-09-21 23:46:00,1,23,9,injury and / or tow due to crash,"OVER $1,500",NO CONTROLS,TURNING,1.0,0.0,0.0,1.0,1.0,0.0,1.0,0.0,41.8445108088,"darkness, lighted road",-87.713509186,NONINCAPACITATING INJURY,2,30,UNABLE TO DETERMINE,NO DEFECTS,dry,UNABLE TO DETERMINE,W,3526,no controls,FOUR WAY,clear,,1.0,,,,4,1,"[""FRONT"", ""UNKNOWN""]","[""JEEP"", ""UNKNOWN""]","[""STRAIGHT AHEAD"", ""TURNING LEFT""]","[""CHEROKEE"", ""ENGINE""]",[],"[""22""]","[""DEPLOYMENT UNKNOWN"", ""NOT APPLICABLE""]","[""TOTALLY EJECTED"", ""UNKNOWN""]","[""NO INDICATION OF INJURY"", ""NONINCAPACITATING INJURY""]",2025,9,21,23,1,evening,41.84,-87.71,41.84_-87.71,0,0,22.0,22.0,22.0,Other
STRAIGHT AND LEVEL,723,2025-09-19 17:11:00,6,17,9,injury and / or tow due to crash,"OVER $1,500",NO CONTROLS,REAR END,1.0,0.0,0.0,2.0,0.0,1.0,1.0,0.0,41.7705620429,daylight,-87.6446972229,"REPORTED, NOT EVIDENT",2,25,UNABLE TO DETERMINE,NO DEFECTS,dry,UNABLE TO DETERMINE,S,6800,no controls,NOT DIVIDED,clear,,1.0,,,,4,2,"[""FRONT"", ""REAR""]","[""CHEVROLET"", ""UNKNOWN""]","[""STRAIGHT AHEAD""]","[""EQUINOX"", ""OTHER (EXPLAIN IN NARRATIVE)""]","[""Y""]","[""37"", ""4""]","[""DEPLOYMENT UNKNOWN"", ""NOT APPLICABLE""]","[""NONE""]","[""NO INDICATION OF INJURY"", ""REPORTED, NOT EVIDENT""]",2025,9,19,17,0,afternoon,41.77,-87.64,41.77_-87.64,0,0,20.5,4.0,37.0,Other
STRAIGHT AND LEVEL,431,2025-09-23 16:45:00,3,16,9,no injury / drive away,"$501 - $1,500",FUNCTIONING PROPERLY,TURNING,1.0,0.0,0.0,2.0,0.0,0.0,0.0,0.0,41.7222615186,daylight,-87.5830719441,NO INDICATION OF INJURY,2,10,FAILING TO YIELD RIGHT-OF-WAY,NO DEFECTS,dry,NOT APPLICABLE,E,1651,stop sign/flasher,PARKING LOT,clear,,,,,1.0,4,1,"[""FRONT-LEFT-CORNER"", ""SIDE-RIGHT""]","[""CHEVROLET"", ""FORD""]","[""PASSING/OVERTAKING"", ""TURNING LEFT""]","[""FUSION"", ""OTHER (EXPLAIN IN NARRATIVE)""]",[],"[""26""]","[""DEPLOYMENT UNKNOWN"", ""DID NOT DEPLOY""]","[""NONE""]","[""NO INDICATION OF INJURY""]",2025,9,23,16,0,afternoon,41.72,-87.58,41.72_-87.58,0,0,26.0,26.0,26.0,Failure-to-Yield
STRAIGHT AND LEVEL,1214,2025-09-24 15:14:00,4,15,9,injury and / or tow due to crash,"$501 - $1,500",,TURNING,1.0,0.0,0.0,2.0,1.0,0.0,1.0,0.0,41.8957962445,daylight,-87.6549535956,NONINCAPACITATING INJURY,2,30,FOLLOWING TOO CLOSELY,NO DEFECTS,dry,NOT APPLICABLE,N,770,,FOUR WAY,clear,,1.0,,,,4,2,"[""FRONT-RIGHT-CORNER"", ""REAR""]","[""DODGE"", ""TESLA""]","[""TURNING LEFT""]","[""MODEL 3"", ""RAM 1500 PU""]",[],"[""24"", ""37""]","[""DEPLOYMENT UNKNOWN"", ""NOT APPLICABLE""]","[""NONE"", ""UNKNOWN""]","[""NO INDICATION OF INJURY"", ""NONINCAPACITATING INJURY""]",2025,9,24,15,0,afternoon,41.9,-87.65,41.9_-87.65,0,0,30.5,24.0,37.0,Following Too Closely
STRAIGHT AND LEVEL,823,2025-09-19 10:25:00,6,10,9,injury and / or tow due to crash,"OVER $1,500",FUNCTIONING PROPERLY,ANGLE,1.0,0.0,0.0,3.0,0.0,0.0,0.0,0.0,41.7825899469,daylight,-87.698511327,NO INDICATION OF INJURY,2,30,DISREGARDING STOP SIGN,,dry,UNABLE TO DETERMINE,S,6100,stop sign/flasher,FOUR WAY,clear,,1.0,,,,3,1,"[""FRONT"", ""SIDE-RIGHT""]","[""DODGE""]","[""STRAIGHT AHEAD""]","[""CHARGER"", ""GRAND CARAVAN""]","[""Y""]","[""30""]","[""DEPLOYED, COMBINATION"", ""DEPLOYMENT UNKNOWN"", ""DID NOT DEPLOY""]","[""NONE""]","[""NO INDICATION OF INJURY""]",2025,9,19,10,0,morning,41.78,-87.7,41.78_-87.7,0,0,30.0,30.0,30.0,Other
STRAIGHT AND LEVEL,823,2025-09-19 15:57:00,6,15,9,injury and / or tow due to crash,"OVER $1,500",NO CONTROLS,SIDESWIPE SAME DIRECTION,1.0,0.0,0.0,1.0,0.0,1.0,1.0,0.0,41.780646109,dawn,-87.7226697643,"REPORTED, NOT EVIDENT",2,30,UNABLE TO DETERMINE,NO DEFECTS,dry,NOT APPLICABLE,S,6155,no controls,NOT DIVIDED,clear,,,,,,2,1,"[""FRONT-LEFT-CORNER"", ""UNKNOWN""]","[""BUICK""]","[""STRAIGHT AHEAD""]","[""ENCLAVE""]",[],"[""47""]","[""DEPLOYMENT UNKNOWN"", ""NOT APPLICABLE""]","[""NONE"", ""UNKNOWN""]","[""NO INDICATION OF INJURY"", ""REPORTED, NOT EVIDENT""]",2025,9,19,15,0,afternoon,41.78,-87.72,41.78_-87.72,0,0,47.0,47.0,47.0,Other
STRAIGHT AND LEVEL,631,2025-09-19 09:00:00,6,9,9,no injury / drive away,"OVER $1,500",NO CONTROLS,PARKED MOTOR VEHICLE,1.0,0.0,0.0,1.0,0.0,0.0,0.0,0.0,41.7458195904,,-87.6162494912,NO INDICATION OF INJURY,2,30,UNABLE TO DETERMINE,NO DEFECTS,dry,UNABLE TO DETERMINE,S,8155,no controls,ONE-WAY,clear,,,,,,4,0,"[""SIDE-RIGHT"", ""UNKNOWN""]","[""GENERAL MOTORS CORPORATION (GMC)"", ""UNKNOWN""]","[""PARKED"", ""STRAIGHT AHEAD""]","[""OTHER (EXPLAIN IN NARRATIVE)"", ""SAVANNAH""]",[],[],"[""DEPLOYMENT UNKNOWN""]","[""NONE""]","[""NO INDICATION OF INJURY""]",2025,9,19,9,0,morning,41.75,-87.62,41.75_-87.62,0,1,,,,Other
STRAIGHT AND LEVEL,2522,2025-09-21 06:00:00,1,6,9,no injury / drive away,"OVER $1,500",NO CONTROLS,PARKED MOTOR VEHICLE,1.0,0.0,0.0,1.0,0.0,0.0,0.0,0.0,41.9209017606,dawn,-87.7387520791,NO INDICATION OF INJURY,2,25,UNABLE TO DETERMINE,,,UNABLE TO DETERMINE,N,2207,no controls,ONE-WAY,clear,1.0,,,,,4,0,"[""UNKNOWN""]","[""MITSUBISHI"", ""UNKNOWN""]","[""PARKED"", ""UNKNOWN/NA""]","[""LANCER"", ""MOTORIZED""]",[],[],"[""DEPLOYMENT UNKNOWN""]","[""NONE""]","[""NO INDICATION OF INJURY""]",2025,9,21,6,1,night,41.92,-87.74,41.92_-87.74,0,1,,,,Other
STRAIGHT AND LEVEL,1512,2025-09-21 08:40:00,1,8,9,injury and / or tow due to crash,"$501 - $1,500",NO CONTROLS,SIDESWIPE OPPOSITE DIRECTION,1.0,0.0,0.0,1.0,2.0,1.0,3.0,0.0,41.8822239804,daylight,-87.7741368335,NONINCAPACITATING INJURY,2,30,UNABLE TO DETERMINE,NO DEFECTS,wet,UNABLE TO DETERMINE,W,5956,no controls,DIVIDED - W/MEDIAN (NOT RAISED),cloudy/overcast,,,,,,3,3,"[""FRONT-LEFT-CORNER"", ""SIDE-LEFT-REAR""]","[""TOYOTA""]","[""STRAIGHT AHEAD"", ""UNKNOWN/NA""]","[""COROLLA"", ""OTHER (EXPLAIN IN NARRATIVE)""]",[],"[""32"", ""40"", ""50""]","[""DEPLOYMENT UNKNOWN"", ""DID NOT DEPLOY""]","[""UNKNOWN""]","[""NO INDICATION OF INJURY"", ""NONINCAPACITATING INJURY"", ""REPORTED, NOT EVIDENT""]",2025,9,21,8,1,morning,41.88,-87.77,41.88_-87.77,0,0,40.666666666666664,32.0,50.0,Other
STRAIGHT AND LEVEL,1925,2025-09-19 00:04:00,6,0,9,injury and / or tow due to crash,"OVER $1,500",,SIDESWIPE SAME DIRECTION,0.0,0.0,0.0,2.0,0.0,0.0,0.0,0.0,41.9401429649,"darkness, lighted road",-87.6449369655,NO INDICATION OF INJURY,3,25,NOT APPLICABLE,NO DEFECTS,dry,NOT APPLICABLE,W,612,,NOT DIVIDED,clear,,,,,,5,1,"[""FRONT-RIGHT-CORNER"", ""SIDE-LEFT""]","[""HYUNDAI"", ""TOYOTA"", ""UNKNOWN""]","[""PARKED"", ""STRAIGHT AHEAD""]","[""ELANTRA"", ""MOTORIZED"", ""RAV4""]","[""Y""]","[""19""]","[""DEPLOYMENT UNKNOWN"", ""DID NOT DEPLOY""]","[""UNKNOWN""]","[""NO INDICATION OF INJURY""]",2025,9,19,0,0,night,41.94,-87.64,41.94_-87.64,0,1,19.0,19.0,19.0,Other
STRAIGHT AND LEVEL,1424,2025-09-20 12:58:00,7,12,9,no injury / drive away,"OVER $1,500",NO CONTROLS,PARKED MOTOR VEHICLE,1.0,0.0,0.0,1.0,0.0,0.0,0.0,0.0,41.9103810872,daylight,-87.6771761709,NO INDICATION OF INJURY,2,30,UNABLE TO DETERMINE,NO DEFECTS,dry,NOT APPLICABLE,W,1951,,NOT DIVIDED,clear,,,,,,4,0,"[""SIDE-LEFT"", ""SIDE-RIGHT""]","[""FORD"", ""JEEP""]","[""PARKED"", ""STRAIGHT AHEAD""]","[""OTHER (EXPLAIN IN NARRATIVE)"", ""WRANGLER""]",[],[],"[""DEPLOYMENT UNKNOWN""]","[""NONE""]","[""NO INDICATION OF INJURY""]",2025,9,20,12,1,morning,41.91,-87.68,41.91_-87.68,0,0,,,,Other
STRAIGHT AND LEVEL,1811,2025-09-23 22:38:00,3,22,9,injury and / or tow due to crash,"$501 - $1,500",FUNCTIONING IMPROPERLY,REAR END,1.0,0.0,0.0,1.0,1.0,0.0,1.0,0.0,41.9250503149,"darkness, lighted road",-87.6679951575,NONINCAPACITATING INJURY,2,30,UNABLE TO DETERMINE,NO DEFECTS,dry,NOT APPLICABLE,N,2357,traffic signal,DIVIDED - W/MEDIAN (NOT RAISED),clear,,1.0,,,,4,1,"[""REAR"", ""UNKNOWN""]","[""FORD"", ""TOYOTA""]","[""SLOW/STOP IN TRAFFIC"", ""STRAIGHT AHEAD""]","[""FREESTAR"", ""RAV4""]",[],"[""21""]","[""DEPLOYMENT UNKNOWN"", ""DID NOT DEPLOY""]","[""NONE""]","[""NO INDICATION OF INJURY"", ""NONINCAPACITATING INJURY""]",2025,9,23,22,0,evening,41.93,-87.67,41.93_-87.67,0,0,21.0,21.0,21.0,Other
STRAIGHT AND LEVEL,1722,2025-09-21 04:00:00,1,4,9,no injury / drive away,"OVER $1,500",NO CONTROLS,PARKED MOTOR VEHICLE,1.0,0.0,0.0,1.0,0.0,0.0,0.0,0.0,41.9577722934,,-87.7278834195,NO INDICATION OF INJURY,2,30,IMPROPER OVERTAKING/PASSING,NO DEFECTS,dry,UNABLE TO DETERMINE,N,4214,no controls,DIVIDED - W/MEDIAN (NOT RAISED),clear,,,,,,4,0,"[""SIDE-LEFT"", ""SIDE-RIGHT""]","[""UNKNOWN"", ""VOLKSWAGEN""]","[""PARKED"", ""UNKNOWN/NA""]","[""ATLAS"", ""OTHER (EXPLAIN IN NARRATIVE)""]",[],[],"[""DEPLOYMENT UNKNOWN""]","[""NONE""]","[""NO INDICATION OF INJURY""]",2025,9,21,4,1,night,41.96,-87.73,41.96_-87.73,0,0,,,,Other
STRAIGHT AND LEVEL,1811,2025-09-19 23:20:00,6,23,9,no injury / drive away,"OVER $1,500",NO CONTROLS,PARKED MOTOR VEHICLE,1.0,0.0,0.0,1.0,0.0,0.0,0.0,0.0,41.9169915623,"darkness, lighted road",-87.6555284016,NO INDICATION OF INJURY,2,20,NOT APPLICABLE,NO DEFECTS,dry,NOT APPLICABLE,N,1932,no controls,NOT DIVIDED,clear,,,,,,4,0,"[""TOTAL (ALL AREAS)"", ""UNKNOWN""]","[""CHEVROLET"", ""UNKNOWN""]","[""PARKED"", ""UNKNOWN/NA""]","[""MALIBU"", ""OTHER (EXPLAIN IN NARRATIVE)""]",[],[],"[""DEPLOYMENT UNKNOWN""]","[""UNKNOWN""]","[""NO INDICATION OF INJURY""]",2025,9,19,23,0,evening,41.92,-87.66,41.92_-87.66,0,0,,,,Other
STRAIGHT AND LEVEL,1434,2025-09-20 15:40:00,7,15,9,no injury / drive away,"OVER $1,500",NO CONTROLS,PARKED MOTOR VEHICLE,1.0,0.0,0.0,1.0,0.0,0.0,0.0,0.0,41.9177223874,daylight,-87.677473221,NO INDICATION OF INJURY,2,30,UNABLE TO DETERMINE,NO DEFECTS,dry,UNABLE TO DETERMINE,N,1971,no controls,NOT DIVIDED,clear,,,,,,4,0,"[""FRONT-LEFT-CORNER"", ""UNKNOWN""]","[""NISSAN"", ""UNKNOWN""]","[""PARKED"", ""UNKNOWN/NA""]","[""OTHER (EXPLAIN IN NARRATIVE)"", ""ROGUE""]",[],[],"[""DEPLOYMENT UNKNOWN""]","[""UNKNOWN""]","[""NO INDICATION OF INJURY""]",2025,9,20,15,1,afternoon,41.92,-87.68,41.92_-87.68,0,0,,,,Other
STRAIGHT AND LEVEL,2534,2025-09-21 21:21:00,1,21,9,injury and / or tow due to crash,"OVER $1,500",NO CONTROLS,PEDESTRIAN,0.0,0.0,0.0,1.0,1.0,0.0,1.0,0.0,41.9068304483,"darkness, lighted road",-87.7314706618,NONINCAPACITATING INJURY,2,30,IMPROPER LANE USAGE,NO DEFECTS,dry,UNABLE TO DETERMINE,N,1420,no controls,ALLEY,clear,,,,,,2,2,"[""OTHER""]","[""HYUNDAI""]","[""STRAIGHT AHEAD""]","[""ELANTRA""]",[],"[""41"", ""45""]","[""NOT APPLICABLE""]","[""NONE""]","[""NO INDICATION OF INJURY"", ""NONINCAPACITATING INJURY""]",2025,9,21,21,1,evening,41.91,-87.73,41.91_-87.73,0,0,43.0,41.0,45.0,Other
STRAIGHT AND LEVEL,1814,2025-09-21 17:25:00,1,17,9,injury and / or tow due to crash,$500 OR LESS,,PEDESTRIAN,1.0,0.0,0.0,1.0,1.0,0.0,1.0,0.0,41.9131436342,daylight,-87.6329983239,NONINCAPACITATING INJURY,2,30,FAILING TO YIELD RIGHT-OF-WAY,,,FAILING TO REDUCE SPEED TO AVOID CRASH,N,1702,traffic signal,FOUR WAY,,,1.0,,,,2,1,"[""FRONT-RIGHT-CORNER""]","[""UNKNOWN""]","[""TURNING RIGHT""]","[""OTHER (EXPLAIN IN NARRATIVE)""]",[],"[""33""]","[""DEPLOYMENT UNKNOWN""]","[""NONE""]","[""NO INDICATION OF INJURY"", ""NONINCAPACITATING INJURY""]",2025,9,21,17,1,afternoon,41.91,-87.63,41.91_-87.63,0,0,33.0,33.0,33.0,Failure-to-Yield
STRAIGHT AND LEVEL,1134,2025-09-24 10:30:00,4,10,9,no injury / drive away,"$501 - $1,500",FUNCTIONING PROPERLY,SIDESWIPE SAME DIRECTION,1.0,0.0,0.0,2.0,0.0,0.0,0.0,0.0,41.8736984557,daylight,-87.7011582497,NO INDICATION OF INJURY,2,30,UNABLE TO DETERMINE,NO DEFECTS,dry,NOT APPLICABLE,S,600,traffic signal,NOT DIVIDED,clear,,,,,,3,1,"[""REAR-LEFT-CORNER"", ""UNKNOWN""]","[""VOLKSWAGEN""]","[""CHANGING LANES"", ""SLOW/STOP IN TRAFFIC""]","[""TIGUAN"", ""VANAGON""]",[],"[""52""]","[""DEPLOYMENT UNKNOWN"", ""DID NOT DEPLOY""]","[""NONE""]","[""NO INDICATION OF INJURY""]",2025,9,24,10,0,morning,41.87,-87.7,41.87_-87.7,0,0,52.0,52.0,52.0,Other
STRAIGHT AND LEVEL,1225,2025-09-21 01:00:00,1,1,9,no injury / drive away,"$501 - $1,500",NO CONTROLS,PARKED MOTOR VEHICLE,1.0,0.0,0.0,1.0,0.0,0.0,0.0,0.0,41.8786126179,,-87.6784526888,NO INDICATION OF INJURY,2,20,UNABLE TO DETERMINE,NO DEFECTS,dry,NOT APPLICABLE,W,2047,no controls,NOT DIVIDED,,1.0,,,,,4,0,"[""REAR-LEFT-CORNER"", ""UNKNOWN""]","[""FORD"", ""UNKNOWN""]","[""PARKED"", ""UNKNOWN/NA""]","[""ESCAPE"", ""OTHER (EXPLAIN IN NARRATIVE)""]",[],[],"[""DEPLOYMENT UNKNOWN""]","[""NONE""]","[""NO INDICATION OF INJURY""]",2025,9,21,1,1,night,41.88,-87.68,41.88_-87.68,0,0,,,,Other
STRAIGHT AND LEVEL,1622,2025-09-20 22:35:00,7,22,9,no injury / drive away,"OVER $1,500",NO CONTROLS,REAR TO FRONT,1.0,0.0,0.0,4.0,0.0,0.0,0.0,0.0,41.9767014663,"darkness, lighted road",-87.7684264173,NO INDICATION OF INJURY,2,30,UNABLE TO DETERMINE,NO DEFECTS,dry,UNABLE TO DETERMINE,N,5301,no controls,,clear,1.0,,,,,4,1,"[""FRONT"", ""REAR""]","[""CHEVROLET"", ""TESLA""]","[""ENTERING TRAFFIC LANE FROM PARKING"", ""OTHER""]","[""IMPALA"", ""MODEL 3""]",[],"[""23""]","[""DEPLOYMENT UNKNOWN"", ""NOT APPLICABLE""]","[""NONE"", ""UNKNOWN""]","[""NO INDICATION OF INJURY""]",2025,9,20,22,1,evening,41.98,-87.77,41.98_-87.77,0,0,23.0,23.0,23.0,Other