alignment,beat_of_occurrence,crash_date,crash_day_of_week,crash_hour,crash_month,crash_type,damage,device_condition,first_crash_type,hit_and_run_i,injuries_fatal,injuries_incapacitating,injuries_no_indication,injuries_non_incapacitating,injuries_reported_not_evident,injuries_total,injuries_unknown,latitude,lighting_condition,longitude,most_severe_injury,num_units,posted_speed_limit,prim_contributory_cause,road_defect,roadway_surface_cond,sec_contributory_cause,street_direction,street_no,traffic_control_device,trafficway_type,weather_condition,crash_date_est_i,intersection_related_i,work_zone_i,dooring_i,private_property_i,veh_count,ppl_count,veh_first_contact_point_list_json,veh_make_list_json,veh_maneuver_list_json,veh_model_list_json,veh_towed_i_list_json,ppl_age_list_json,ppl_airbag_deployed_list_json,ppl_ejection_list_json,ppl_injury_classification_list_json,year,month,day,hour,is_weekend,hour_bin,lat_bin,lng_bin,grid_id,veh_truck_i,veh_mc_i,ppl_age_mean,ppl_age_min,ppl_age_max,cause_group
STRAIGHT AND LEVEL,814,2025-09-20 00:03:00,7,0,9,injury and / or tow due to crash,"OVER $1,500",FUNCTIONING PROPERLY,HEAD ON,1.0,0.0,0.0,8.0,0.0,0.0,0.0,0.0,41.8075303729,"darkness, lighted road",-87.7432968212,NO INDICATION OF INJURY,5,30,FOLLOWING TOO CLOSELY,NO DEFECTS,dry,FAILING TO YIELD RIGHT-OF-WAY,S,4700,traffic signal,DIVIDED - W/MEDIAN (NOT RAISED),clear,,1.0,,,,5,4,"[""FRONT-LEFT-CORNER"", ""REAR-LEFT-CORNER""]","[""CHEVROLET"", ""HONDA"", ""NISSAN"", ""TESLA"", ""UNKNOWN""]","[""STRAIGHT AHEAD""]","[""ALTIMA"", ""CR-V"", ""MODEL X"", ""OTHER (EXPLAIN IN NARRATIVE)"", ""SUBURBAN""]","[""Y""]","[""19"", ""20"", ""24"", ""45""]","[""DEPLOYMENT UNKNOWN"", ""DID NOT DEPLOY""]","[""NONE""]","[""NO INDICATION OF INJURY""]",2025,9,20,0,1,night,41.81,-87.74,41.81_-87.74,0,0,27.0,19.0,45.0,Following Too Closely
STRAIGHT AND LEVEL,1225,2025-09-20 20:00:00,7,20,9,no injury / drive away,"OVER $1,500",NO CONTROLS,PARKED MOTOR VEHICLE,1.0,0.0,0.0,1.0,0.0,0.0,0.0,0.0,41.8745973438,,-87.6763255803,NO INDICATION OF INJURY,2,10,UNABLE TO DETERMINE,,,UNABLE TO DETERMINE,S,513,no controls,PARKING LOT,other,,,,,1.0,4,0,"[""FRONT-RIGHT-CORNER"", ""UNKNOWN""]","[""GENERAL MOTORS CORPORATION (GMC)"", ""UNKNOWN""]","[""PARKED"", ""UNKNOWN/NA""]","[""OTHER (EXPLAIN IN NARRATIVE)"", ""TERRAIN""]",[],[],"[""DEPLOYMENT UNKNOWN""]","[""NONE""]","[""NO INDICATION OF INJURY""]",2025,9,20,20,1,evening,41.87,-87.68,41.87_-87.68,0,1,,,,Other
STRAIGHT AND LEVEL,1232,2025-09-23 17:00:00,3,17,9,no injury / drive away,"OVER $1,500",FUNCTIONING PROPERLY,SIDESWIPE SAME DIRECTION,1.0,0.0,0.0,2.0,0.0,0.0,0.0,0.0,41.8674620829,daylight,-87.6467725632,NO INDICATION OF INJURY,2,30,UNABLE TO DETERMINE,NO DEFECTS,dry,NOT APPLICABLE,S,1149,traffic signal,NOT DIVIDED,clear,,,,,,4,1,"[""FRONT-LEFT-CORNER"", ""SIDE-RIGHT""]","[""KIA"", ""UNKNOWN""]","[""CHANGING LANES"", ""STRAIGHT AHEAD""]","[""OTHER (EXPLAIN IN NARRATIVE)"", ""SORENTO""]",[],"[""68""]","[""DEPLOYMENT UNKNOWN"", ""NOT APPLICABLE""]","[""NONE"", ""UNKNOWN""]","[""NO INDICATION OF INJURY""]",2025,9,23,17,0,afternoon,41.87,-87.65,41.87_-87.65,0,0,68.0,68.0,68.0,Other
STRAIGHT AND LEVEL,1022,2025-09-23 07:40:00,3,7,9,no injury / drive away,"OVER $1,500",FUNCTIONING PROPERLY,SIDESWIPE SAME DIRECTION,1.0,0.0,0.0,2.0,0.0,0.0,0.0,0.0,41.8572480877,daylight,-87.7052648401,NO INDICATION OF INJURY,2,30,UNABLE TO DETERMINE,NO DEFECTS,dry,NOT APPLICABLE,S,1815,traffic signal,DIVIDED - W/MEDIAN (NOT RAISED),cloudy/overcast,,,,,,4,1,"[""FRONT-LEFT-CORNER"", ""SIDE-RIGHT""]","[""FORD"", ""KIA""]","[""STRAIGHT AHEAD""]","[""ESCAPE"", ""OPTIMA / K5""]",[],"[""62""]","[""DEPLOYMENT UNKNOWN"", ""DID NOT DEPLOY""]","[""NONE""]","[""NO INDICATION OF INJURY""]",2025,9,23,7,0,morning,41.86,-87.71,41.86_-87.71,0,0,62.0,62.0,62.0,Other
STRAIGHT AND LEVEL,1432,2025-09-19 07:00:00,6,7,9,no injury / drive away,"$501 - $1,500",NO CONTROLS,ANGLE,1.0,0.0,0.0,2.0,0.0,0.0,0.0,0.0,41.925010656,daylight,-87.6876177869,NO INDICATION OF INJURY,2,30,DISREGARDING OTHER TRAFFIC SIGNS,NO DEFECTS,dry,DISREGARDING OTHER TRAFFIC SIGNS,W,2398,no controls,OTHER,clear,,,,,,2,1,"[""FRONT"", ""SIDE-RIGHT""]","[""FORD""]","[""STRAIGHT AHEAD""]","[""OTHER (EXPLAIN IN NARRATIVE)""]",[],"[""27""]","[""DEPLOYMENT UNKNOWN"", ""NOT APPLICABLE""]","[""NONE""]","[""NO INDICATION OF INJURY""]",2025,9,19,7,0,morning,41.93,-87.69,41.93_-87.69,0,0,27.0,27.0,27.0,Other
STRAIGHT AND LEVEL,1834,2025-09-19 20:40:00,6,20,9,no injury / drive away,"OVER $1,500",NO CONTROLS,SIDESWIPE SAME DIRECTION,1.0,0.0,0.0,2.0,0.0,0.0,0.0,0.0,41.895078838,darkness,-87.6158466585,NO INDICATION OF INJURY,2,30,UNABLE TO DETERMINE,,dry,UNABLE TO DETERMINE,N,700,no controls,DIVIDED - W/MEDIAN BARRIER,clear,,,,,,4,2,"[""SIDE-LEFT"", ""SIDE-RIGHT""]","[""CHRYSLER"", ""HYUNDAI""]","[""STRAIGHT AHEAD""]","[""ACCENT"", ""OTHER (EXPLAIN IN NARRATIVE)""]",[],"[""42"", ""54""]","[""DEPLOYMENT UNKNOWN"", ""DID NOT DEPLOY""]","[""NONE""]","[""NO INDICATION OF INJURY""]",2025,9,19,20,0,evening,41.9,-87.62,41.9_-87.62,0,0,48.0,42.0,54.0,Other
STRAIGHT AND LEVEL,815,2025-09-23 07:30:00,3,7,9,injury and / or tow due to crash,"OVER $1,500",NO CONTROLS,REAR END,1.0,0.0,0.0,1.0,0.0,1.0,1.0,0.0,41.8076584994,daylight,-87.7317553314,"REPORTED, NOT EVIDENT",2,35,UNABLE TO DETERMINE,NO DEFECTS,dry,UNABLE TO DETERMINE,W,4319,no controls,NOT DIVIDED,clear,,,,,,4,1,"[""FRONT"", ""REAR""]","[""HONDA"", ""NISSAN""]","[""SLOW/STOP IN TRAFFIC"", ""STRAIGHT AHEAD""]","[""ACCORD"", ""SENTRA""]",[],"[""27""]","[""DEPLOYMENT UNKNOWN"", ""NOT APPLICABLE""]","[""NONE""]","[""NO INDICATION OF INJURY"", ""REPORTED, NOT EVIDENT""]",2025,9,23,7,0,morning,41.81,-87.73,41.81_-87.73,0,0,27.0,27.0,27.0,Other
STRAIGHT AND LEVEL,1624,2025-09-24 14:53:00,4,14,9,no injury / drive away,"$501 - $1,500",NO CONTROLS,REAR END,1.0,0.0,0.0,3.0,0.0,0.0,0.0,0.0,41.9534062511,daylight,-87.7572758871,NO INDICATION OF INJURY,2,30,UNABLE TO DETERMINE,NO DEFECTS,dry,UNABLE TO DETERMINE,W,5200,traffic signal,DIVIDED - W/MEDIAN (NOT RAISED),clear,,,,,,4,1,"[""REAR"", ""UNKNOWN""]","[""HONDA"", ""UNKNOWN""]","[""STRAIGHT AHEAD""]","[""CR-V"", ""OTHER (EXPLAIN IN NARRATIVE)""]",[],"[""41""]","[""DEPLOYMENT UNKNOWN"", ""NOT APPLICABLE""]","[""NONE""]","[""NO INDICATION OF INJURY""]",2025,9,24,14,0,afternoon,41.95,-87.76,41.95_-87.76,0,0,41.0,41.0,41.0,Other
STRAIGHT AND LEVEL,832,2025-09-23 01:00:00,3,1,9,injury and / or tow due to crash,"OVER $1,500",NO CONTROLS,PARKED MOTOR VEHICLE,1.0,0.0,0.0,0.0,1.0,0.0,1.0,0.0,41.7645494806,darkness,-87.685623645,NONINCAPACITATING INJURY,2,30,UNABLE TO DETERMINE,,,UNABLE TO DETERMINE,W,2459,no controls,OTHER,clear,1.0,,,,,4,0,"[""REAR-LEFT-CORNER"", ""UNKNOWN""]","[""INFINITI"", ""UNKNOWN""]","[""PARKED"", ""UNKNOWN/NA""]","[""OTHER (EXPLAIN IN NARRATIVE)"", ""QX60""]","[""Y""]",[],"[""DEPLOYMENT UNKNOWN""]","[""UNKNOWN""]","[""NONINCAPACITATING INJURY""]",2025,9,23,1,0,night,41.76,-87.69,41.76_-87.69,0,0,,,,Other
STRAIGHT AND LEVEL,923,2025-09-22 21:00:00,2,21,9,no injury / drive away,"OVER $1,500",FUNCTIONING PROPERLY,ANGLE,1.0,0.0,0.0,2.0,0.0,0.0,0.0,0.0,41.8010528356,"darkness, lighted road",-87.6843676488,NO INDICATION OF INJURY,2,30,DISREGARDING TRAFFIC SIGNALS,NO DEFECTS,dry,UNABLE TO DETERMINE,S,5100,traffic signal,FOUR WAY,clear,,,,,,4,1,"[""FRONT""]","[""FORD"", ""UNKNOWN""]","[""STRAIGHT AHEAD""]","[""ESCAPE"", ""OTHER (EXPLAIN IN NARRATIVE)""]",[],"[""48""]","[""DEPLOYMENT UNKNOWN"", ""NOT APPLICABLE""]","[""NONE""]","[""NO INDICATION OF INJURY""]",2025,9,22,21,0,evening,41.8,-87.68,41.8_-87.68,0,0,48.0,48.0,48.0,Other
STRAIGHT AND LEVEL,833,2025-09-20 16:15:00,7,16,9,no injury / drive away,"OVER $1,500",NO CONTROLS,SIDESWIPE SAME DIRECTION,1.0,0.0,0.0,2.0,0.0,0.0,0.0,0.0,41.7712669977,daylight,-87.7227197265,NO INDICATION OF INJURY,2,10,"OPERATING VEHICLE IN ERRATIC, RECKLESS, CARELESS, NEGLIGENT OR AGGRESSIVE MANNER",NO DEFECTS,dry,UNABLE TO DETERMINE,S,6702,no controls,OTHER,clear,,,,,,4,2,"[""FRONT-LEFT-CORNER"", ""FRONT-RIGHT-CORNER""]","[""FORD"", ""TOYOTA""]","[""OTHER"", ""STRAIGHT AHEAD""]","[""EXPLORER"", ""RAV4""]",[],"[""37"", ""56""]","[""DEPLOYMENT UNKNOWN"", ""NOT APPLICABLE""]","[""NONE""]","[""NO INDICATION OF INJURY""]",2025,9,20,16,1,afternoon,41.77,-87.72,41.77_-87.72,0,0,46.5,37.0,56.0,Other
STRAIGHT AND LEVEL,2412,2025-09-21 13:30:00,1,13,9,no injury / drive away,"OVER $1,500",,PARKED MOTOR VEHICLE,1.0,0.0,0.0,1.0,0.0,0.0,0.0,0.0,42.0002213658,,-87.6803595955,NO INDICATION OF INJURY,2,30,UNABLE TO DETERMINE,,,UNABLE TO DETERMINE,N,6516,,NOT DIVIDED,,0.0,,,,,4,0,"[""UNKNOWN""]","[""JEEP"", ""UNKNOWN""]","[""PARKED"", ""UNKNOWN/NA""]","[""COMPASS"", ""OTHER (EXPLAIN IN NARRATIVE)""]",[],[],"[""DEPLOYMENT UNKNOWN""]","[""NONE""]","[""NO INDICATION OF INJURY""]",2025,9,21,13,1,afternoon,42.0,-87.68,42.0_-87.68,0,0,,,,Other
STRAIGHT AND LEVEL,624,2025-09-19 03:00:00,6,3,9,no injury / drive away,"OVER $1,500",NO CONTROLS,PARKED MOTOR VEHICLE,1.0,0.0,0.0,1.0,0.0,0.0,0.0,0.0,41.7512211405,darkness,-87.602901218,NO INDICATION OF INJURY,2,30,UNABLE TO DETERMINE,NO DEFECTS,dry,UNABLE TO DETERMINE,S,7900,no controls,NOT DIVIDED,clear,,,,,,3,0,"[""SIDE-LEFT"", ""UNKNOWN""]","[""DODGE"", ""UNKNOWN""]","[""PARKED"", ""UNKNOWN/NA""]","[""OTHER (EXPLAIN IN NARRATIVE)""]",[],[],"[""DEPLOYMENT UNKNOWN""]","[""UNKNOWN""]","[""NO INDICATION OF INJURY""]",2025,9,19,3,0,night,41.75,-87.6,41.75_-87.6,0,0,,,,Other
STRAIGHT AND LEVEL,824,2025-09-19 06:30:00,6,6,9,no injury / drive away,"OVER $1,500",NO CONTROLS,PARKED MOTOR VEHICLE,1.0,0.0,0.0,1.0,0.0,0.0,0.0,0.0,41.7846351945,,-87.6971425978,NO INDICATION OF INJURY,2,25,UNABLE TO DETERMINE,NO DEFECTS,dry,UNABLE TO DETERMINE,W,2930,no controls,ONE-WAY,,,,,,,3,0,"[""FRONT"", ""REAR""]","[""AUDI"", ""JEEP""]","[""PARKED"", ""STRAIGHT AHEAD""]","[""JEEP"", ""OTHER (EXPLAIN IN NARRATIVE)""]",[],[],"[""DEPLOYMENT UNKNOWN""]","[""NONE""]","[""NO INDICATION OF INJURY""]",2025,9,19,6,0,night,41.78,-87.7,41.78_-87.7,0,0,,,,Other
STRAIGHT AND LEVEL,1621,2025-09-20 09:15:00,7,9,9,no injury / drive away,"OVER $1,500",NO CONTROLS,PARKED MOTOR VEHICLE,1.0,0.0,0.0,1.0,0.0,0.0,0.0,0.0,41.9787102644,daylight,-87.757153772,NO INDICATION OF INJURY,2,15,UNABLE TO DETERMINE,NO DEFECTS,dry,UNABLE TO DETERMINE,N,5353,no controls,PARKING LOT,clear,1.0,,,,,4,0,"[""FRONT-LEFT-CORNER"", ""UNKNOWN""]","[""FORD"", ""UNKNOWN""]","[""PARKED"", ""UNKNOWN/NA""]","[""FOCUS"", ""OTHER (EXPLAIN IN NARRATIVE)""]",[],[],"[""DEPLOYMENT UNKNOWN""]","[""NONE""]","[""NO INDICATION OF INJURY""]",2025,9,20,9,1,morning,41.98,-87.76,41.98_-87.76,0,0,,,,Other
STRAIGHT AND LEVEL,235,2025-09-19 13:10:00,6,13,9,no injury / drive away,"OVER $1,500",NO CONTROLS,REAR TO SIDE,1.0,0.0,0.0,2.0,0.0,0.0,0.0,0.0,41.7935062703,daylight,-87.5857557812,NO INDICATION OF INJURY,2,30,IMPROPER BACKING,,dry,IMPROPER BACKING,E,1616,no controls,NOT DIVIDED,clear,,,,,,4,1,"[""REAR"", ""SIDE-RIGHT-REAR""]","[""HONDA"", ""TOYOTA""]","[""BACKING"", ""STRAIGHT AHEAD""]","[""HR-V"", ""PRIUS""]",[],"[""39""]","[""DEPLOYMENT UNKNOWN"", ""DID NOT DEPLOY""]","[""NONE""]","[""NO INDICATION OF INJURY""]",2025,9,19,13,0,afternoon,41.79,-87.59,41.79_-87.59,0,0,39.0,39.0,39.0,DUI/Impairment
STRAIGHT AND LEVEL,2411,2025-09-20 03:00:00,7,3,9,injury and / or tow due to crash,"OVER $1,500",NO CONTROLS,FIXED OBJECT,1.0,0.0,0.0,1.0,0.0,0.0,0.0,0.0,42.0103095549,"darkness, lighted road",-87.6995977859,NO INDICATION OF INJURY,1,30,UNABLE TO DETERMINE,"RUT, HOLES",dry,NOT APPLICABLE,N,7101,no controls,DIVIDED - W/MEDIAN (NOT RAISED),clear,,0.0,,,,2,0,"[""FRONT""]","[""HONDA""]","[""UNKNOWN/NA""]","[""FIT""]","[""Y""]",[],"[""DEPLOYED, FRONT""]","[""NONE""]","[""NO INDICATION OF INJURY""]",2025,9,20,3,1,night,42.01,-87.7,42.01_-87.7,0,0,,,,Other
STRAIGHT AND LEVEL,2532,2025-09-19 16:15:00,6,16,9,no injury / drive away,"OVER $1,500",NO CONTROLS,SIDESWIPE OPPOSITE DIRECTION,1.0,0.0,0.0,2.0,0.0,0.0,0.0,0.0,41.9023063776,daylight,-87.7605177748,NO INDICATION OF INJURY,2,30,UNABLE TO DETERMINE,,dry,NOT APPLICABLE,W,5356,no controls,DIVIDED - W/MEDIAN (NOT RAISED),clear,,,,,,4,1,"[""SIDE-LEFT""]","[""DODGE"", ""HYUNDAI""]","[""OTHER"", ""STRAIGHT AHEAD""]","[""CHARGER"", ""ELANTRA""]",[],"[""39""]","[""DEPLOYMENT UNKNOWN"", ""NOT APPLICABLE""]","[""NONE""]","[""NO INDICATION OF INJURY""]",2025,9,19,16,0,afternoon,41.9,-87.76,41.9_-87.76,0,0,39.0,39.0,39.0,Other
STRAIGHT AND LEVEL,935,2025-09-19 02:56:00,6,2,9,injury and / or tow due to crash,"OVER $1,500",NO CONTROLS,FIXED OBJECT,1.0,0.0,0.0,1.0,0.0,0.0,0.0,0.0,41.8071828422,"darkness, lighted road",-87.6437340713,NO INDICATION OF INJURY,1,25,UNABLE TO DETERMINE,NO DEFECTS,dry,NOT APPLICABLE,W,714,no controls,ALLEY,clear,,,,,,2,1,"[""FRONT-LEFT-CORNER""]","[""CHEVROLET""]","[""STRAIGHT AHEAD""]","[""TRAVERSE""]","[""Y""]","[""25""]","[""DID NOT DEPLOY""]","[""NONE""]","[""NO INDICATION OF INJURY""]",2025,9,19,2,0,night,41.81,-87.64,41.81_-87.64,0,0,25.0,25.0,25.0,Other
STRAIGHT AND LEVEL,822,2025-09-19 12:15:00,6,12,9,injury and / or tow due to crash,"OVER $1,500",FUNCTIONING PROPERLY,TURNING,1.0,0.0,0.0,1.0,1.0,0.0,1.0,0.0,41.8006219179,daylight,-87.7112696171,NONINCAPACITATING INJURY,2,30,IMPROPER TURNING/NO SIGNAL,NO DEFECTS,dry,CELL PHONE USE OTHER THAN TEXTING,S,5100,traffic signal,NOT DIVIDED,clear,,,,,,4,1,"[""FRONT-LEFT-CORNER"", ""SIDE-LEFT""]","[""FORD"", ""TOYOTA""]","[""SLOW/STOP IN TRAFFIC"", ""TURNING LEFT""]","[""OTHER (EXPLAIN IN NARRATIVE)"", ""PRIUS""]",[],"[""59""]","[""DEPLOYMENT UNKNOWN"", ""NOT APPLICABLE""]","[""NONE""]","[""NO INDICATION OF INJURY"", ""NONINCAPACITATING INJURY""]",2025,9,19,12,0,morning,41.8,-87.71,41.8_-87.71,0,0,59.0,59.0,59.0,Other
STRAIGHT AND LEVEL,1723,2025-09-22 01:57:00,2,1,9,injury and / or tow due to crash,"OVER $1,500",FUNCTIONING PROPERLY,REAR END,1.0,0.0,0.0,2.0,0.0,0.0,0.0,0.0,41.9538932012,"darkness, lighted road",-87.7178856706,NO INDICATION OF INJURY,2,30,NOT APPLICABLE,NO DEFECTS,wet,NOT APPLICABLE,W,3600,traffic signal,DIVIDED - W/MEDIAN BARRIER,clear,,,,,,4,1,"[""FRONT"", ""REAR""]","[""FORD"", ""HYUNDAI""]","[""OTHER"", ""STRAIGHT AHEAD""]","[""F150"", ""TUCSON""]","[""Y""]","[""48""]","[""DEPLOYMENT UNKNOWN"", ""NOT APPLICABLE""]","[""NONE""]","[""NO INDICATION OF INJURY""]",2025,9,22,1,0,night,41.95,-87.72,41.95_-87.72,0,0,48.0,48.0,48.0,Other
STRAIGHT AND LEVEL,1014,2025-09-20 18:00:00,7,18,9,no injury / drive away,"OVER $1,500",FUNCTIONING PROPERLY,REAR END,1.0,0.0,0.0,4.0,0.0,0.0,0.0,0.0,41.8559094266,daylight,-87.7164870505,NO INDICATION OF INJURY,2,30,FOLLOWING TOO CLOSELY,NO DEFECTS,dry,NOT APPLICABLE,S,1840,traffic signal,NOT DIVIDED,clear,,,,,,4,1,"[""FRONT"", ""REAR""]","[""NISSAN"", ""UNKNOWN""]","[""STRAIGHT AHEAD""]","[""ARMADA"", ""OTHER (EXPLAIN IN NARRATIVE)""]",[],"[""51""]","[""DEPLOYMENT UNKNOWN"", ""DID NOT DEPLOY""]","[""NONE"", ""UNKNOWN""]","[""NO INDICATION OF INJURY""]",2025,9,20,18,1,afternoon,41.86,-87.72,41.86_-87.72,0,0,51.0,51.0,51.0,Following Too Closely
STRAIGHT AND LEVEL,1133,2025-09-23 08:25:00,3,8,9,no injury / drive away,"OVER $1,500",NO CONTROLS,PARKED MOTOR VEHICLE,1.0,0.0,0.0,1.0,0.0,0.0,0.0,0.0,41.8701917955,"darkness, lighted road",-87.7153943282,NO INDICATION OF INJURY,2,25,NOT APPLICABLE,NO DEFECTS,,NOT APPLICABLE,S,819,no controls,NOT DIVIDED,clear,,,,,,4,0,"[""SIDE-LEFT"", ""UNKNOWN""]","[""JEEP"", ""UNKNOWN""]","[""PARKED"", ""STRAIGHT AHEAD""]","[""CHEROKEE"", ""OTHER (EXPLAIN IN NARRATIVE)""]",[],[],"[""DEPLOYMENT UNKNOWN""]","[""UNKNOWN""]","[""NO INDICATION OF INJURY""]",2025,9,23,8,0,morning,41.87,-87.72,41.87_-87.72,0,0,,,,Other
STRAIGHT AND LEVEL,1111,2025-09-23 11:05:00,3,11,9,no injury / drive away,"OVER $1,500",NO CONTROLS,TURNING,1.0,0.0,0.0,2.0,0.0,0.0,0.0,0.0,41.8955133451,daylight,-87.726232516,NO INDICATION OF INJURY,2,30,FAILING TO YIELD RIGHT-OF-WAY,,dry,NOT APPLICABLE,N,802,no controls,NOT DIVIDED,clear,,,,,,4,1,"[""FRONT"", ""FRONT-RIGHT-CORNER""]","[""KIA"", ""UNKNOWN""]","[""STRAIGHT AHEAD"", ""TURNING LEFT""]","[""OTHER (EXPLAIN IN NARRATIVE)"", ""SORENTO""]",[],"[""35""]","[""DEPLOYMENT UNKNOWN"", ""NOT APPLICABLE""]","[""NONE""]","[""NO INDICATION OF INJURY""]",2025,9,23,11,0,morning,41.9,-87.73,41.9_-87.73,0,0,35.0,35.0,35.0,Failure-to-Yield
STRAIGHT AND LEVEL,423,2025-09-24 10:05:00,4,10,9,no injury / drive away,"OVER $1,500",NO CONTROLS,ANGLE,1.0,0.0,0.0,2.0,0.0,0.0,0.0,0.0,41.7370429734,daylight,-87.5656969534,NO INDICATION OF INJURY,2,35,DRIVING SKILLS/KNOWLEDGE/EXPERIENCE,NO DEFECTS,dry,UNABLE TO DETERMINE,S,8700,no controls,NOT DIVIDED,clear,,,,,,4,1,"[""FRONT-LEFT-CORNER"", ""UNKNOWN""]","[""JEEP"", ""UNKNOWN""]","[""STRAIGHT AHEAD""]","[""GRAND CHEROKEE"", ""OTHER (EXPLAIN IN NARRATIVE)""]",[],"[""33""]","[""DEPLOYMENT UNKNOWN"", ""DID NOT DEPLOY""]","[""NONE""]","[""NO INDICATION OF INJURY""]",2025,9,24,10,0,morning,41.74,-87.57,41.74_-87.57,0,0,33.0,33.0,33.0,Other
STRAIGHT AND LEVEL,821,2025-09-20 18:28:00,7,18,9,injury and / or tow due to crash,"OVER $1,500",FUNCTIONING PROPERLY,TURNING,1.0,0.0,0.0,1.0,0.0,1.0,1.0,0.0,41.8138421438,dusk,-87.7043483367,"REPORTED, NOT EVIDENT",2,35,FAILING TO YIELD RIGHT-OF-WAY,NO DEFECTS,wet,NOT APPLICABLE,S,4356,traffic signal,Y-INTERSECTION,rain,,,,,,4,1,"[""FRONT"", ""SIDE-LEFT-REAR""]","[""FORD"", ""UNKNOWN""]","[""TURNING LEFT""]","[""MUSTANG"", ""OTHER (EXPLAIN IN NARRATIVE)""]",[],"[""36""]","[""DEPLOYMENT UNKNOWN"", ""DID NOT DEPLOY""]","[""NONE""]","[""NO INDICATION OF INJURY"", ""REPORTED, NOT EVIDENT""]",2025,9,20,18,1,afternoon,41.81,-87.7,41.81_-87.7,0,0,36.0,36.0,36.0,Failure-to-Yield
"CURVE, LEVEL",1824,2025-09-20 06:50:00,7,6,9,injury and / or tow due to crash,"$501 - $1,500",NO CONTROLS,SIDESWIPE SAME DIRECTION,1.0,0.0,0.0,2.0,0.0,0.0,0.0,0.0,41.900752974,daylight,-87.6242349998,NO INDICATION OF INJURY,2,30,IMPROPER OVERTAKING/PASSING,,wet,NOT APPLICABLE,N,1000,no controls,DIVIDED - W/MEDIAN BARRIER,rain,,,,,,3,1,"[""FRONT-RIGHT-CORNER"", ""UNKNOWN""]","[""HONDA""]","[""CHANGING LANES"", ""NEGOTIATING A CURVE""]","[""CR-V"", ""ODYSSEY""]","[""Y""]","[""50""]","[""DEPLOYMENT UNKNOWN"", ""DID NOT DEPLOY""]","[""NONE""]","[""NO INDICATION OF INJURY""]",2025,9,20,6,1,night,41.9,-87.62,41.9_-87.62,0,0,50.0,50.0,50.0,Other
STRAIGHT AND LEVEL,1024,2025-09-24 18:00:00,4,18,9,no injury / drive away,"OVER $1,500",NO CONTROLS,PARKED MOTOR VEHICLE,1.0,0.0,0.0,1.0,0.0,0.0,0.0,0.0,41.8521777552,"darkness, lighted road",-87.7110139165,NO INDICATION OF INJURY,2,25,UNABLE TO DETERMINE,,dry,UNABLE TO DETERMINE,S,2149,no controls,ONE-WAY,clear,,,,,,4,0,"[""REAR-LEFT-CORNER"", ""UNKNOWN""]","[""ACURA"", ""UNKNOWN""]","[""PARKED"", ""UNKNOWN/NA""]","[""MOTORIZED"", ""TLX""]",[],[],"[""DEPLOYMENT UNKNOWN""]","[""NONE""]","[""NO INDICATION OF INJURY""]",2025,9,24,18,0,afternoon,41.85,-87.71,41.85_-87.71,0,1,,,,Other
STRAIGHT AND LEVEL,1131,2025-09-23 05:16:00,3,5,9,injury and / or tow due to crash,"$501 - $1,500",FUNCTIONING PROPERLY,TURNING,1.0,0.0,0.0,2.0,0.0,0.0,0.0,0.0,41.8728671861,darkness,-87.7350626958,NO INDICATION OF INJURY,2,30,IMPROPER TURNING/NO SIGNAL,NO DEFECTS,dry,NOT APPLICABLE,S,623,traffic signal,T-INTERSECTION,clear,,,,,,4,1,"[""FRONT-RIGHT-CORNER"", ""SIDE-LEFT""]","[""DODGE"", ""UNKNOWN""]","[""OTHER"", ""TURNING LEFT""]","[""OTHER (EXPLAIN IN NARRATIVE)"", ""RAM 1500 PU""]","[""Y""]","[""32""]","[""DEPLOYMENT UNKNOWN"", ""DID NOT DEPLOY""]","[""NONE""]","[""NO INDICATION OF INJURY""]",2025,9,23,5,0,night,41.87,-87.74,41.87_-87.74,0,0,32.0,32.0,32.0,Other
STRAIGHT AND LEVEL,2532,2025-09-20 13:41:00,7,13,9,no injury / drive away,"$501 - $1,500",FUNCTIONING PROPERLY,ANGLE,1.0,0.0,0.0,2.0,0.0,0.0,0.0,0.0,41.9022927347,daylight,-87.7559219562,NO INDICATION OF INJURY,2,30,UNABLE TO DETERMINE,,dry,NOT APPLICABLE,N,1200,traffic signal,FOUR WAY,cloudy/overcast,,1.0,,,,4,1,"[""FRONT"", ""SIDE-RIGHT""]","[""FORD"", ""HYUNDAI""]","[""STRAIGHT AHEAD""]","[""EDGE"", ""SONATA""]",[],"[""50""]","[""DEPLOYMENT UNKNOWN"", ""DID NOT DEPLOY""]","[""NONE""]","[""NO INDICATION OF INJURY""]",2025,9,20,13,1,afternoon,41.9,-87.76,41.9_-87.76,0,0,50.0,50.0,50.0,Other