alignment,beat_of_occurrence,crash_date,crash_day_of_week,crash_hour,crash_month,crash_type,damage,device_condition,first_crash_type,hit_and_run_i,injuries_fatal,injuries_incapacitating,injuries_no_indication,injuries_non_incapacitating,injuries_reported_not_evident,injuries_total,injuries_unknown,latitude,lighting_condition,longitude,most_severe_injury,num_units,posted_speed_limit,prim_contributory_cause,road_defect,roadway_surface_cond,sec_contributory_cause,street_direction,street_no,traffic_control_device,trafficway_type,weather_condition,crash_date_est_i,intersection_related_i,work_zone_i,dooring_i,private_property_i,veh_count,ppl_count,veh_first_contact_point_list_json,veh_make_list_json,veh_maneuver_list_json,veh_model_list_json,veh_towed_i_list_json,ppl_age_list_json,ppl_airbag_deployed_list_json,ppl_ejection_list_json,ppl_injury_classification_list_json,year,month,day,hour,is_weekend,hour_bin,lat_bin,lng_bin,grid_id,veh_truck_i,veh_mc_i,ppl_age_mean,ppl_age_min,ppl_age_max,cause_group
STRAIGHT AND LEVEL,1934,2025-09-22 15:35:00,2,15,9,no injury / drive away,"OVER $1,500",NO CONTROLS,SIDESWIPE SAME DIRECTION,1.0,0.0,0.0,2.0,0.0,0.0,0.0,0.0,41.9402706775,daylight,-87.6384899074,NO INDICATION OF INJURY,2,45,DRIVING SKILLS/KNOWLEDGE/EXPERIENCE,,dry,NOT APPLICABLE,N,3158,no controls,ONE-WAY,clear,,,,,,4,1,"[""FRONT-RIGHT-CORNER"", ""UNKNOWN""]","[""BMW"", ""FORD""]","[""STRAIGHT AHEAD""]","[""FLEX"", ""X5""]",[],"[""26""]","[""DEPLOYMENT UNKNOWN"", ""NOT APPLICABLE""]","[""NONE""]","[""NO INDICATION OF INJURY""]",2025,9,22,15,0,afternoon,41.94,-87.64,41.94_-87.64,0,0,26.0,26.0,26.0,Other
STRAIGHT AND LEVEL,1912,2025-09-19 08:05:00,6,8,9,no injury / drive away,"$501 - $1,500",NO CONTROLS,PARKED MOTOR VEHICLE,1.0,0.0,0.0,1.0,0.0,0.0,0.0,0.0,41.9612764314,daylight,-87.6690997779,NO INDICATION OF INJURY,2,30,UNABLE TO DETERMINE,NO DEFECTS,dry,NOT APPLICABLE,N,4351,no controls,NOT DIVIDED,clear,,,,,,3,0,"[""REAR-LEFT-CORNER"", ""UNKNOWN""]","[""FORD"", ""UNKNOWN""]","[""PARKED"", ""UNKNOWN/NA""]","[""OTHER (EXPLAIN IN NARRATIVE)""]",[],[],"[""DEPLOYMENT UNKNOWN""]","[""NONE""]","[""NO INDICATION OF INJURY""]",2025,9,19,8,0,morning,41.96,-87.67,41.96_-87.67,0,0,,,,Other
STRAIGHT AND LEVEL,2523,2025-09-22 13:45:00,2,13,9,no injury / drive away,"OVER $1,500",NO CONTROLS,PARKED MOTOR VEHICLE,1.0,0.0,0.0,1.0,0.0,0.0,0.0,0.0,41.9361944998,daylight,-87.7256460279,NO INDICATION OF INJURY,2,30,UNABLE TO DETERMINE,NO DEFECTS,dry,NOT APPLICABLE,N,3030,no controls,ONE-WAY,clear,,,,,,4,0,"[""REAR-LEFT-CORNER"", ""UNKNOWN""]","[""CHEVROLET"", ""UNKNOWN""]","[""PARKED"", ""UNKNOWN/NA""]","[""CRUZE"", ""OTHER (EXPLAIN IN NARRATIVE)""]",[],[],"[""DEPLOYMENT UNKNOWN""]","[""NONE""]","[""NO INDICATION OF INJURY""]",2025,9,22,13,0,afternoon,41.94,-87.73,41.94_-87.73,0,0,,,,Other
STRAIGHT AND LEVEL,2012,2025-09-20 11:50:00,7,11,9,no injury / drive away,$500 OR LESS,NO CONTROLS,REAR END,0.0,0.0,0.0,2.0,0.0,0.0,0.0,0.0,41.9901302642,daylight,-87.670592054,NO INDICATION OF INJURY,2,30,DRIVING SKILLS/KNOWLEDGE/EXPERIENCE,,,UNABLE TO DETERMINE,N,5961,no controls,NOT DIVIDED,clear,,,,,,4,2,"[""FRONT"", ""REAR""]","[""TOYOTA"", ""VOLKSWAGEN""]","[""SLOW/STOP IN TRAFFIC"", ""STRAIGHT AHEAD""]","[""JETTA"", ""RAV4""]",[],"[""26"", ""38""]","[""NOT APPLICABLE""]","[""NONE""]","[""NO INDICATION OF INJURY""]",2025,9,20,11,1,morning,41.99,-87.67,41.99_-87.67,0,0,32.0,26.0,38.0,Other
STRAIGHT AND LEVEL,1133,2025-09-19 22:44:00,6,22,9,no injury / drive away,"OVER $1,500",NO CONTROLS,SIDESWIPE SAME DIRECTION,1.0,0.0,0.0,2.0,0.0,0.0,0.0,0.0,41.8737367309,"darkness, lighted road",-87.7109060035,NO INDICATION OF INJURY,2,30,IMPROPER LANE USAGE,NO DEFECTS,dry,FOLLOWING TOO CLOSELY,W,3400,no controls,NOT DIVIDED,clear,,,,,,4,1,"[""FRONT-LEFT-CORNER"", ""REAR-RIGHT-CORNER""]","[""FORD"", ""NISSAN""]","[""PASSING/OVERTAKING"", ""STRAIGHT AHEAD""]","[""ALTIMA"", ""FUSION""]",[],"[""66""]","[""DEPLOYMENT UNKNOWN"", ""NOT APPLICABLE""]","[""NONE""]","[""NO INDICATION OF INJURY""]",2025,9,19,22,0,evening,41.87,-87.71,41.87_-87.71,0,0,66.0,66.0,66.0,Other
STRAIGHT AND LEVEL,1733,2025-09-19 13:30:00,6,13,9,no injury / drive away,"$501 - $1,500",FUNCTIONING PROPERLY,SIDESWIPE SAME DIRECTION,1.0,0.0,0.0,2.0,0.0,0.0,0.0,0.0,41.9394983726,daylight,-87.6986613797,NO INDICATION OF INJURY,2,30,IMPROPER LANE USAGE,,dry,IMPROPER LANE USAGE,W,2820,traffic signal,DIVIDED - W/MEDIAN (NOT RAISED),clear,,,,,,4,1,"[""FRONT-LEFT-CORNER"", ""UNKNOWN""]","[""JEEP"", ""UNKNOWN""]","[""STRAIGHT AHEAD"", ""UNKNOWN/NA""]","[""LIBERTY"", ""OTHER (EXPLAIN IN NARRATIVE)""]",[],"[""21""]","[""DEPLOYMENT UNKNOWN"", ""NOT APPLICABLE""]","[""UNKNOWN""]","[""NO INDICATION OF INJURY""]",2025,9,19,13,0,afternoon,41.94,-87.7,41.94_-87.7,0,0,21.0,21.0,21.0,Other
STRAIGHT AND LEVEL,2423,2025-09-22 15:55:00,2,15,9,no injury / drive away,"OVER $1,500",,PARKED MOTOR VEHICLE,1.0,0.0,0.0,1.0,0.0,0.0,0.0,0.0,42.0126613697,,-87.6668933585,NO INDICATION OF INJURY,2,30,UNABLE TO DETERMINE,,,UNABLE TO DETERMINE,W,1423,,DIVIDED - W/MEDIAN (NOT RAISED),,,,,,,4,0,"[""REAR-RIGHT-CORNER"", ""UNKNOWN""]","[""TOYOTA"", ""UNKNOWN""]","[""PARKED"", ""UNKNOWN/NA""]","[""CAMRY"", ""OTHER (EXPLAIN IN NARRATIVE)""]",[],[],"[""DEPLOYMENT UNKNOWN""]","[""NONE""]","[""NO INDICATION OF INJURY""]",2025,9,22,15,0,afternoon,42.01,-87.67,42.01_-87.67,0,0,,,,Other
STRAIGHT AND LEVEL,2521,2025-09-21 18:20:00,1,18,9,no injury / drive away,"OVER $1,500",NO CONTROLS,PARKED MOTOR VEHICLE,1.0,0.0,0.0,1.0,0.0,0.0,0.0,0.0,41.9316889194,daylight,-87.7430169468,NO INDICATION OF INJURY,2,15,UNABLE TO DETERMINE,NO DEFECTS,dry,UNABLE TO DETERMINE,W,4626,no controls,PARKING LOT,clear,1.0,,,,,4,0,"[""UNKNOWN""]","[""CADILLAC"", ""UNKNOWN""]","[""PARKED"", ""UNKNOWN/NA""]","[""OTHER (EXPLAIN IN NARRATIVE)"", ""SRX""]",[],[],"[""DEPLOYMENT UNKNOWN""]","[""NONE""]","[""NO INDICATION OF INJURY""]",2025,9,21,18,1,afternoon,41.93,-87.74,41.93_-87.74,0,0,,,,Other
STRAIGHT AND LEVEL,2222,2025-09-21 14:05:00,1,14,9,injury and / or tow due to crash,"OVER $1,500",NO CONTROLS,PEDESTRIAN,1.0,0.0,0.0,1.0,0.0,1.0,1.0,0.0,41.7358049384,daylight,-87.655914666,"REPORTED, NOT EVIDENT",2,30,UNABLE TO DETERMINE,NO DEFECTS,dry,UNABLE TO DETERMINE,S,8700,no controls,NOT DIVIDED,clear,,,,,,2,1,"[""UNKNOWN""]","[""UNKNOWN""]","[""UNKNOWN/NA""]","[""OTHER (EXPLAIN IN NARRATIVE)""]",[],"[""65""]","[""DEPLOYMENT UNKNOWN""]","[""NONE""]","[""NO INDICATION OF INJURY"", ""REPORTED, NOT EVIDENT""]",2025,9,21,14,1,afternoon,41.74,-87.66,41.74_-87.66,0,0,65.0,65.0,65.0,Other
STRAIGHT AND LEVEL,2515,2025-09-19 19:42:00,6,19,9,injury and / or tow due to crash,"OVER $1,500",NO CONTROLS,TURNING,1.0,0.0,0.0,2.0,0.0,0.0,0.0,0.0,41.9195265945,"darkness, lighted road",-87.769375827,NO INDICATION OF INJURY,2,30,"OPERATING VEHICLE IN ERRATIC, RECKLESS, CARELESS, NEGLIGENT OR AGGRESSIVE MANNER",,dry,IMPROPER TURNING/NO SIGNAL,W,5726,no controls,DIVIDED - W/MEDIAN (NOT RAISED),clear,,1.0,,,,4,0,"[""FRONT"", ""SIDE-LEFT""]","[""CHEVROLET"", ""MINI""]","[""STRAIGHT AHEAD"", ""U-TURN""]","[""COOPER"", ""EQUINOX""]","[""Y""]",[],"[""DEPLOYMENT UNKNOWN"", ""DID NOT DEPLOY""]","[""NONE""]","[""NO INDICATION OF INJURY""]",2025,9,19,19,0,evening,41.92,-87.77,41.92_-87.77,0,0,,,,Other
STRAIGHT AND LEVEL,814,2025-09-22 13:00:00,2,13,9,no injury / drive away,"OVER $1,500",NO CONTROLS,PARKED MOTOR VEHICLE,1.0,0.0,0.0,1.0,0.0,0.0,0.0,0.0,41.7961335469,daylight,-87.7603858621,NO INDICATION OF INJURY,2,30,UNABLE TO DETERMINE,NO DEFECTS,dry,NOT APPLICABLE,S,5842,no controls,NOT DIVIDED,clear,1.0,,,,,4,0,"[""REAR-LEFT-CORNER"", ""SIDE-RIGHT""]","[""NISSAN"", ""UNKNOWN""]","[""PARKED"", ""UNKNOWN/NA""]","[""MOTORIZED"", ""MURANO""]",[],[],"[""DEPLOYMENT UNKNOWN""]","[""NONE""]","[""NO INDICATION OF INJURY""]",2025,9,22,13,0,afternoon,41.8,-87.76,41.8_-87.76,0,1,,,,Other
STRAIGHT AND LEVEL,513,2025-09-19 11:00:00,6,11,9,no injury / drive away,"OVER $1,500",FUNCTIONING PROPERLY,TURNING,1.0,0.0,0.0,2.0,0.0,0.0,0.0,0.0,41.6943760946,daylight,-87.6233027362,NO INDICATION OF INJURY,2,30,FAILING TO YIELD RIGHT-OF-WAY,NO DEFECTS,dry,DISREGARDING STOP SIGN,S,11000,stop sign/flasher,NOT DIVIDED,clear,,,,,,4,1,"[""FRONT-RIGHT-CORNER"", ""UNKNOWN""]","[""CHRYSLER"", ""UNKNOWN""]","[""STRAIGHT AHEAD"", ""TURNING LEFT""]","[""OTHER (EXPLAIN IN NARRATIVE)"", ""TOWN & COUNTRY""]",[],"[""55""]","[""DEPLOYMENT UNKNOWN"", ""NOT APPLICABLE""]","[""NONE""]","[""NO INDICATION OF INJURY""]",2025,9,19,11,0,morning,41.69,-87.62,41.69_-87.62,1,0,55.0,55.0,55.0,Failure-to-Yield
STRAIGHT AND LEVEL,1121,2025-09-22 06:00:00,2,6,9,no injury / drive away,"OVER $1,500",NO CONTROLS,PARKED MOTOR VEHICLE,1.0,0.0,0.0,1.0,0.0,0.0,0.0,0.0,41.8917364491,,-87.7109506454,NO INDICATION OF INJURY,2,25,IMPROPER BACKING,NO DEFECTS,,UNABLE TO DETERMINE,W,3351,no controls,ONE-WAY,,1.0,,,,,4,0,"[""FRONT-RIGHT-CORNER"", ""UNKNOWN""]","[""NISSAN"", ""UNKNOWN""]","[""BACKING"", ""PARKED""]","[""OTHER (EXPLAIN IN NARRATIVE)"", ""ROGUE""]",[],[],"[""DEPLOYMENT UNKNOWN""]","[""UNKNOWN""]","[""NO INDICATION OF INJURY""]",2025,9,22,6,0,night,41.89,-87.71,41.89_-87.71,0,0,,,,DUI/Impairment
STRAIGHT AND LEVEL,1712,2025-09-23 12:30:00,3,12,9,no injury / drive away,"OVER $1,500",FUNCTIONING PROPERLY,ANGLE,1.0,0.0,0.0,2.0,0.0,0.0,0.0,0.0,41.9699817428,daylight,-87.7257130336,NO INDICATION OF INJURY,2,20,FAILING TO YIELD RIGHT-OF-WAY,NO DEFECTS,dry,NOT APPLICABLE,W,3901,stop sign/flasher,NOT DIVIDED,clear,,,,,,4,1,"[""FRONT"", ""SIDE-RIGHT""]","[""HONDA"", ""UNKNOWN""]","[""STRAIGHT AHEAD""]","[""ODYSSEY"", ""OTHER (EXPLAIN IN NARRATIVE)""]",[],"[""34""]","[""DEPLOYMENT UNKNOWN"", ""NOT APPLICABLE""]","[""NONE""]","[""NO INDICATION OF INJURY""]",2025,9,23,12,0,morning,41.97,-87.73,41.97_-87.73,0,0,34.0,34.0,34.0,Failure-to-Yield
STRAIGHT AND LEVEL,1831,2025-09-21 05:20:00,1,5,9,no injury / drive away,"$501 - $1,500",NO CONTROLS,ANGLE,1.0,0.0,0.0,2.0,0.0,0.0,0.0,0.0,41.894066648,dusk,-87.6365931854,NO INDICATION OF INJURY,2,35,UNABLE TO DETERMINE,NO DEFECTS,dry,NOT APPLICABLE,W,320,,NOT DIVIDED,clear,,,,,,4,0,"[""FRONT-LEFT-CORNER"", ""FRONT-RIGHT-CORNER""]","[""MITSUBISHI"", ""UNKNOWN""]","[""STRAIGHT AHEAD""]","[""OTHER (EXPLAIN IN NARRATIVE)"", ""OUTLANDER""]",[],[],"[""DEPLOYMENT UNKNOWN"", ""NOT APPLICABLE""]","[""NONE""]","[""NO INDICATION OF INJURY""]",2025,9,21,5,1,night,41.89,-87.64,41.89_-87.64,0,0,,,,Other
STRAIGHT AND LEVEL,2422,2025-09-20 20:00:00,7,20,9,no injury / drive away,"$501 - $1,500",NO CONTROLS,PARKED MOTOR VEHICLE,1.0,0.0,0.0,1.0,0.0,0.0,0.0,0.0,42.0192885501,daylight,-87.6750585094,NO INDICATION OF INJURY,2,30,UNABLE TO DETERMINE,NO DEFECTS,dry,UNABLE TO DETERMINE,W,1763,no controls,PARKING LOT,clear,,,,,,4,0,"[""SIDE-LEFT"", ""SIDE-RIGHT""]","[""DODGE"", ""UNKNOWN""]","[""PARKED"", ""UNKNOWN/NA""]","[""CARAVAN"", ""MOTORIZED""]",[],[],"[""DEPLOYMENT UNKNOWN""]","[""NONE""]","[""NO INDICATION OF INJURY""]",2025,9,20,20,1,evening,42.02,-87.68,42.02_-87.68,0,1,,,,Other
STRAIGHT AND LEVEL,2512,2025-09-20 13:47:00,7,13,9,no injury / drive away,"OVER $1,500",NO CONTROLS,PARKED MOTOR VEHICLE,1.0,0.0,0.0,1.0,0.0,0.0,0.0,0.0,41.9237604017,daylight,-87.7887477626,NO INDICATION OF INJURY,2,10,IMPROPER BACKING,NO DEFECTS,dry,IMPROPER BACKING,W,6520,no controls,PARKING LOT,clear,,,,,,4,0,"[""REAR-LEFT-CORNER"", ""UNKNOWN""]","[""CHEVROLET"", ""TOYOTA""]","[""BACKING"", ""PARKED""]","[""EQUINOX"", ""RAV4""]",[],[],"[""DEPLOYMENT UNKNOWN""]","[""NONE""]","[""NO INDICATION OF INJURY""]",2025,9,20,13,1,afternoon,41.92,-87.79,41.92_-87.79,0,0,,,,DUI/Impairment
STRAIGHT AND LEVEL,235,2025-09-22 09:25:00,2,9,9,no injury / drive away,$500 OR LESS,NO CONTROLS,SIDESWIPE SAME DIRECTION,1.0,0.0,0.0,2.0,0.0,0.0,0.0,0.0,41.7913038742,daylight,-87.6014459393,NO INDICATION OF INJURY,2,25,IMPROPER OVERTAKING/PASSING,NO DEFECTS,dry,UNABLE TO DETERMINE,S,5700,no controls,NOT DIVIDED,clear,,,,,,3,1,"[""OTHER"", ""UNKNOWN""]","[""NEW FLYER"", ""UNKNOWN""]","[""STRAIGHT AHEAD"", ""UNKNOWN/NA""]","[""OTHER (EXPLAIN IN NARRATIVE)""]",[],"[""65""]","[""DEPLOYMENT UNKNOWN"", ""NOT APPLICABLE""]","[""NONE""]","[""NO INDICATION OF INJURY""]",2025,9,22,9,0,morning,41.79,-87.6,41.79_-87.6,0,0,65.0,65.0,65.0,Other
STRAIGHT AND LEVEL,413,2025-09-23 12:25:00,3,12,9,no injury / drive away,"$501 - $1,500",NO CONTROLS,PARKED MOTOR VEHICLE,1.0,0.0,0.0,1.0,0.0,0.0,0.0,0.0,41.7328693696,dawn,-87.5849748024,NO INDICATION OF INJURY,2,10,FAILING TO REDUCE SPEED TO AVOID CRASH,NO DEFECTS,wet,UNABLE TO DETERMINE,S,8915,no controls,PARKING LOT,clear,,,,,,4,0,"[""FRONT"", ""REAR""]","[""FORD"", ""JEEP""]","[""BACKING"", ""PARKED""]","[""ESCAPE"", ""GRAND CHEROKEE""]",[],[],"[""DEPLOYMENT UNKNOWN""]","[""NONE""]","[""NO INDICATION OF INJURY""]",2025,9,23,12,0,morning,41.73,-87.58,41.73_-87.58,0,0,,,,Speeding
STRAIGHT AND LEVEL,2514,2025-09-21 19:30:00,1,19,9,no injury / drive away,"OVER $1,500",FUNCTIONING PROPERLY,REAR END,1.0,0.0,0.0,2.0,0.0,0.0,0.0,0.0,41.9296304303,"darkness, lighted road",-87.7565001649,NO INDICATION OF INJURY,2,30,FOLLOWING TOO CLOSELY,NO DEFECTS,dry,NOT APPLICABLE,N,2700,stop sign/flasher,NOT DIVIDED,clear,,1.0,,,,4,2,"[""FRONT"", ""REAR""]","[""FORD"", ""TOYOTA""]","[""SLOW/STOP IN TRAFFIC"", ""STRAIGHT AHEAD""]","[""CAMRY"", ""TAURUS""]",[],"[""25"", ""29""]","[""DEPLOYMENT UNKNOWN"", ""DID NOT DEPLOY""]","[""NONE"", ""UNKNOWN""]","[""NO INDICATION OF INJURY""]",2025,9,21,19,1,evening,41.93,-87.76,41.93_-87.76,0,0,27.0,25.0,29.0,Following Too Closely
STRAIGHT AND LEVEL,2521,2025-09-21 12:42:00,1,12,9,no injury / drive away,"$501 - $1,500",FUNCTIONING PROPERLY,SIDESWIPE SAME DIRECTION,0.0,0.0,0.0,2.0,0.0,0.0,0.0,0.0,41.9290768263,daylight,-87.7466403699,NO INDICATION OF INJURY,2,30,IMPROPER OVERTAKING/PASSING,NO DEFECTS,dry,IMPROPER OVERTAKING/PASSING,N,2640,traffic signal,NOT DIVIDED,clear,,,,,,4,1,"[""FRONT-LEFT-CORNER"", ""SIDE-RIGHT""]","[""CHEVROLET"", ""MAZDA""]","[""PASSING/OVERTAKING"", ""STRAIGHT AHEAD""]","[""CX-30"", ""MALIBU""]",[],"[""39""]","[""NOT APPLICABLE""]","[""NONE""]","[""NO INDICATION OF INJURY""]",2025,9,21,12,1,morning,41.93,-87.75,41.93_-87.75,0,0,39.0,39.0,39.0,Other
STRAIGHT AND LEVEL,1523,2025-09-23 08:17:00,3,8,9,no injury / drive away,$500 OR LESS,FUNCTIONING PROPERLY,ANGLE,1.0,0.0,0.0,2.0,0.0,0.0,0.0,0.0,41.8877721028,daylight,-87.7576363591,NO INDICATION OF INJURY,2,25,UNABLE TO DETERMINE,,dry,UNABLE TO DETERMINE,N,399,stop sign/flasher,NOT DIVIDED,clear,,,,,,4,1,"[""FRONT-LEFT-CORNER"", ""FRONT-RIGHT-CORNER""]","[""FORD"", ""UNKNOWN""]","[""STRAIGHT AHEAD""]","[""ECONOLINE E550"", ""OTHER (EXPLAIN IN NARRATIVE)""]",[],"[""59""]","[""DEPLOYMENT UNKNOWN"", ""NOT APPLICABLE""]","[""NONE""]","[""NO INDICATION OF INJURY""]",2025,9,23,8,0,morning,41.89,-87.76,41.89_-87.76,0,0,59.0,59.0,59.0,Other
STRAIGHT AND LEVEL,1221,2025-09-19 17:22:00,6,17,9,no injury / drive away,"OVER $1,500",NO CONTROLS,TURNING,1.0,0.0,0.0,2.0,0.0,0.0,0.0,0.0,41.8954744615,daylight,-87.6768927747,NO INDICATION OF INJURY,2,15,FAILING TO REDUCE SPEED TO AVOID CRASH,NO DEFECTS,dry,IMPROPER TURNING/NO SIGNAL,N,745,no controls,ALLEY,clear,,1.0,,,,4,1,"[""FRONT-LEFT-CORNER"", ""SIDE-LEFT""]","[""AUDI"", ""MERCEDES-BENZ""]","[""STRAIGHT AHEAD"", ""TURNING LEFT""]","[""A4"", ""E-CLASS""]",[],"[""31""]","[""DEPLOYMENT UNKNOWN"", ""NOT APPLICABLE""]","[""NONE""]","[""NO INDICATION OF INJURY""]",2025,9,19,17,0,afternoon,41.9,-87.68,41.9_-87.68,0,0,31.0,31.0,31.0,Speeding
STRAIGHT AND LEVEL,1713,2025-09-19 11:55:00,6,11,9,no injury / drive away,"OVER $1,500",FUNCTIONING PROPERLY,PARKED MOTOR VEHICLE,1.0,0.0,0.0,1.0,0.0,0.0,0.0,0.0,41.9656754244,daylight,-87.710666281,NO INDICATION OF INJURY,2,30,UNABLE TO DETERMINE,NO DEFECTS,dry,NOT APPLICABLE,W,3256,stop sign/flasher,ONE-WAY,clear,,,,,,4,0,"[""SIDE-RIGHT-REAR"", ""UNKNOWN""]","[""HONDA"", ""UNKNOWN""]","[""PARKED"", ""UNKNOWN/NA""]","[""CIVIC"", ""OTHER (EXPLAIN IN NARRATIVE)""]",[],[],"[""DEPLOYMENT UNKNOWN""]","[""NONE""]","[""NO INDICATION OF INJURY""]",2025,9,19,11,0,morning,41.97,-87.71,41.97_-87.71,0,0,,,,Other
STRAIGHT AND LEVEL,1021,2025-09-19 13:45:00,6,13,9,no injury / drive away,"OVER $1,500",NO CONTROLS,REAR END,1.0,0.0,0.0,2.0,0.0,0.0,0.0,0.0,41.8623718176,daylight,-87.7105768991,NO INDICATION OF INJURY,2,30,UNABLE TO DETERMINE,NO DEFECTS,dry,NOT APPLICABLE,S,1400,no controls,NOT DIVIDED,clear,,,,,,4,1,"[""FRONT"", ""REAR""]","[""FORD"", ""UNKNOWN""]","[""SLOW/STOP IN TRAFFIC"", ""STRAIGHT AHEAD""]","[""F250"", ""OTHER (EXPLAIN IN NARRATIVE)""]",[],"[""64""]","[""DEPLOYMENT UNKNOWN"", ""DID NOT DEPLOY""]","[""NONE""]","[""NO INDICATION OF INJURY""]",2025,9,19,13,0,afternoon,41.86,-87.71,41.86_-87.71,0,0,64.0,64.0,64.0,Other
STRAIGHT AND LEVEL,1524,2025-09-20 09:30:00,7,9,9,no injury / drive away,"OVER $1,500",NO CONTROLS,SIDESWIPE SAME DIRECTION,1.0,0.0,0.0,2.0,0.0,0.0,0.0,0.0,41.8965654523,daylight,-87.7653655667,NO INDICATION OF INJURY,2,20,IMPROPER OVERTAKING/PASSING,NO DEFECTS,dry,UNABLE TO DETERMINE,W,5559,no controls,ONE-WAY,clear,,,,,,3,1,"[""FRONT"", ""FRONT-LEFT-CORNER""]","[""CHEVROLET"", ""TOYOTA""]","[""ENTERING TRAFFIC LANE FROM PARKING"", ""STRAIGHT AHEAD""]","[""OTHER (EXPLAIN IN NARRATIVE)""]",[],"[""61""]","[""DEPLOYMENT UNKNOWN""]","[""NONE""]","[""NO INDICATION OF INJURY""]",2025,9,20,9,1,morning,41.9,-87.77,41.9_-87.77,0,0,61.0,61.0,61.0,Other
STRAIGHT AND LEVEL,822,2025-09-19 11:00:00,6,11,9,no injury / drive away,$500 OR LESS,NO CONTROLS,PEDALCYCLIST,1.0,0.0,0.0,3.0,0.0,0.0,0.0,0.0,41.8006767048,daylight,-87.7062687011,NO INDICATION OF INJURY,2,30,FAILING TO YIELD RIGHT-OF-WAY,NO DEFECTS,dry,IMPROPER TURNING/NO SIGNAL,W,3301,no controls,NOT DIVIDED,clear,,,,,,2,1,"[""FRONT""]","[""HONDA""]","[""TURNING RIGHT""]","[""ACCORD""]",[],"[""27""]","[""NOT APPLICABLE""]","[""NONE""]","[""NO INDICATION OF INJURY""]",2025,9,19,11,0,morning,41.8,-87.71,41.8_-87.71,0,0,27.0,27.0,27.0,Failure-to-Yield
STRAIGHT AND LEVEL,2432,2025-09-20 12:00:00,7,12,9,no injury / drive away,"$501 - $1,500",NO CONTROLS,PARKED MOTOR VEHICLE,1.0,0.0,0.0,1.0,0.0,0.0,0.0,0.0,42.003604391,,-87.6642347538,NO INDICATION OF INJURY,2,10,UNABLE TO DETERMINE,NO DEFECTS,dry,NOT APPLICABLE,W,1314,no controls,PARKING LOT,,1.0,,,,1.0,4,0,"[""FRONT-LEFT-CORNER"", ""SIDE-LEFT""]","[""AUDI"", ""UNKNOWN""]","[""PARKED"", ""UNKNOWN/NA""]","[""OTHER (EXPLAIN IN NARRATIVE)"", ""S5""]",[],[],"[""DEPLOYMENT UNKNOWN""]","[""NONE""]","[""NO INDICATION OF INJURY""]",2025,9,20,12,1,morning,42.0,-87.66,42.0_-87.66,0,0,,,,Other
STRAIGHT AND LEVEL,414,2025-09-20 16:14:00,7,16,9,injury and / or tow due to crash,"OVER $1,500",FUNCTIONING PROPERLY,ANGLE,1.0,0.0,0.0,2.0,0.0,0.0,0.0,0.0,41.7497897091,daylight,-87.5687844444,NO INDICATION OF INJURY,2,20,UNABLE TO DETERMINE,,dry,UNABLE TO DETERMINE,S,8000,stop sign/flasher,FOUR WAY,clear,,1.0,,,,4,1,"[""FRONT"", ""FRONT-LEFT-CORNER""]","[""MITSUBISHI"", ""UNKNOWN""]","[""STRAIGHT AHEAD""]","[""MIRAGE"", ""OTHER (EXPLAIN IN NARRATIVE)""]","[""Y""]","[""77""]","[""DEPLOYMENT UNKNOWN"", ""NOT APPLICABLE""]","[""NONE""]","[""NO INDICATION OF INJURY""]",2025,9,20,16,1,afternoon,41.75,-87.57,41.75_-87.57,0,0,77.0,77.0,77.0,Other